Image Index,Correct,Predicted Orig,Predicted Adv,L2 Distance,Linf Distance,Top-5,Top-10,Top-15,Top-20,Top-50
0,cat,cat,frog,0.08637920767068863,0.019101273268461227,100.0,80.0,93.33333333333333,100.0,98.0
1,ship,airplane,airplane,0.34826043248176575,0.13892191648483276,100.0,100.0,100.0,100.0,98.0
2,ship,ship,ship,0.0,0.0,100.0,100.0,100.0,100.0,100.0
3,airplane,airplane,airplane,0.0,0.0,100.0,100.0,100.0,100.0,100.0
4,frog,frog,frog,0.0,0.0,100.0,100.0,100.0,100.0,100.0
5,frog,frog,cat,0.23977412283420563,0.06531508266925812,100.0,90.0,93.33333333333333,95.0,96.0
6,automobile,truck,truck,0.0,0.0,100.0,100.0,100.0,100.0,100.0
7,frog,frog,truck,0.4771935045719147,0.08038808405399323,100.0,80.0,80.0,90.0,96.0
8,cat,cat,dog,0.23374338448047638,0.06367242336273193,100.0,80.0,86.66666666666667,100.0,94.0
9,automobile,automobile,truck,0.28466176986694336,0.07762390375137329,60.0,90.0,93.33333333333333,95.0,96.0
10,airplane,airplane,airplane,0.0,0.0,100.0,100.0,100.0,100.0,100.0
11,truck,truck,truck,0.0,0.0,100.0,100.0,100.0,100.0,100.0
12,dog,dog,cat,0.5078394412994385,0.15868854522705078,100.0,80.0,93.33333333333333,90.0,92.0
13,horse,horse,horse,0.0,0.0,100.0,100.0,100.0,100.0,100.0
14,truck,truck,truck,0.0,0.0,100.0,100.0,100.0,100.0,100.0
15,ship,airplane,frog,0.156674325466156,0.0405791699886322,80.0,100.0,93.33333333333333,95.0,100.0
16,dog,dog,dog,0.0,0.0,100.0,100.0,100.0,100.0,100.0
17,horse,horse,horse,0.0,0.0,100.0,100.0,100.0,100.0,100.0
18,ship,ship,ship,0.0,0.0,100.0,100.0,100.0,100.0,100.0
19,frog,frog,frog,0.0,0.0,100.0,100.0,100.0,100.0,100.0
20,horse,horse,dog,0.6315438151359558,0.12024013698101044,80.0,90.0,80.0,80.0,86.0
21,airplane,airplane,airplane,0.0,0.0,100.0,100.0,100.0,100.0,100.0
22,deer,airplane,airplane,0.397941529750824,0.1003803014755249,100.0,80.0,86.66666666666667,95.0,94.0
23,truck,truck,truck,0.0,0.0,100.0,100.0,100.0,100.0,100.0
24,dog,dog,dog,0.0,0.0,100.0,100.0,100.0,100.0,100.0
25,bird,bird,cat,0.20973441004753113,0.038134440779685974,100.0,100.0,93.33333333333333,90.0,96.0
26,deer,deer,deer,0.0,0.0,100.0,100.0,100.0,100.0,100.0
27,airplane,airplane,airplane,0.0,0.0,100.0,100.0,100.0,100.0,100.0
28,truck,truck,truck,0.0,0.0,100.0,100.0,100.0,100.0,100.0
29,frog,frog,frog,0.0,0.0,100.0,100.0,100.0,100.0,100.0
30,frog,frog,cat,0.2353406399488449,0.057245999574661255,100.0,90.0,86.66666666666667,100.0,98.0
31,dog,dog,cat,0.19865858554840088,0.052127838134765625,100.0,100.0,86.66666666666667,95.0,98.0
32,deer,deer,deer,0.0,0.0,100.0,100.0,100.0,100.0,100.0
33,dog,cat,cat,0.0,0.0,100.0,100.0,100.0,100.0,100.0
34,truck,truck,truck,0.0,0.0,100.0,100.0,100.0,100.0,100.0
35,bird,cat,cat,0.0,0.0,100.0,100.0,100.0,100.0,100.0
36,deer,deer,deer,0.0,0.0,100.0,100.0,100.0,100.0,100.0
37,automobile,truck,truck,0.0,0.0,100.0,100.0,100.0,100.0,100.0
38,truck,truck,truck,0.0,0.0,100.0,100.0,100.0,100.0,100.0
39,dog,dog,dog,0.0,0.0,100.0,100.0,100.0,100.0,100.0
40,deer,deer,bird,0.17157600820064545,0.032693877816200256,80.0,90.0,93.33333333333333,100.0,98.0
41,frog,frog,frog,0.0,0.0,100.0,100.0,100.0,100.0,100.0
42,dog,cat,cat,0.14375348389148712,0.04099094867706299,80.0,100.0,93.33333333333333,95.0,100.0
43,frog,frog,frog,0.0,0.0,100.0,100.0,100.0,100.0,100.0
44,airplane,airplane,airplane,0.0,0.0,100.0,100.0,100.0,100.0,100.0
45,truck,truck,truck,0.0,0.0,100.0,100.0,100.0,100.0,100.0
46,cat,cat,cat,0.0,0.0,100.0,100.0,100.0,100.0,100.0
47,truck,truck,airplane,0.15078294277191162,0.03490190953016281,80.0,100.0,100.0,100.0,100.0
48,horse,horse,horse,0.0,0.0,100.0,100.0,100.0,100.0,100.0
49,frog,frog,frog,0.11325010657310486,0.02336299419403076,100.0,100.0,93.33333333333333,100.0,98.0
50,truck,truck,truck,0.0,0.0,100.0,100.0,100.0,100.0,100.0
51,ship,ship,ship,0.0,0.0,100.0,100.0,100.0,100.0,100.0
52,airplane,airplane,airplane,0.0,0.0,100.0,100.0,100.0,100.0,100.0
53,cat,frog,frog,0.0,0.0,100.0,100.0,100.0,100.0,100.0
54,ship,ship,airplane,0.22720779478549957,0.0941266119480133,100.0,90.0,93.33333333333333,100.0,100.0
55,ship,ship,ship,0.0,0.0,100.0,100.0,100.0,100.0,100.0
56,horse,horse,horse,0.0,0.0,100.0,100.0,100.0,100.0,100.0
57,horse,horse,cat,0.2761380076408386,0.08033433556556702,100.0,90.0,100.0,95.0,96.0
58,deer,horse,horse,0.0,0.0,100.0,100.0,100.0,100.0,100.0
59,frog,cat,cat,0.0,0.0,100.0,100.0,100.0,100.0,100.0
60,horse,horse,horse,0.17970386147499084,0.04341266676783562,100.0,90.0,100.0,100.0,98.0
61,cat,dog,dog,0.0,0.0,100.0,100.0,100.0,100.0,100.0
62,frog,frog,frog,0.0,0.0,100.0,100.0,100.0,100.0,100.0
63,cat,cat,cat,0.0,0.0,100.0,100.0,100.0,100.0,100.0
64,frog,frog,frog,0.0,0.0,100.0,100.0,100.0,100.0,100.0
65,bird,bird,bird,0.4447847008705139,0.19544261693954468,100.0,80.0,86.66666666666667,95.0,94.0
66,automobile,automobile,automobile,0.0,0.0,100.0,100.0,100.0,100.0,100.0
67,bird,bird,bird,0.0,0.0,100.0,100.0,100.0,100.0,100.0
68,cat,cat,cat,0.0,0.0,100.0,100.0,100.0,100.0,100.0
69,horse,horse,horse,0.0,0.0,100.0,100.0,100.0,100.0,100.0
70,bird,airplane,airplane,0.0,0.0,100.0,100.0,100.0,100.0,100.0
71,frog,frog,cat,0.5618988275527954,0.13096003234386444,100.0,100.0,100.0,85.0,94.0
72,ship,ship,ship,0.0,0.0,100.0,100.0,100.0,100.0,100.0
73,ship,ship,ship,0.0,0.0,100.0,100.0,100.0,100.0,100.0
74,airplane,truck,truck,0.0,0.0,100.0,100.0,100.0,100.0,100.0
75,bird,bird,bird,0.0,0.0,100.0,100.0,100.0,100.0,100.0
76,truck,truck,truck,0.3616401255130768,0.11007948219776154,60.0,100.0,93.33333333333333,90.0,94.0
77,cat,cat,cat,0.0,0.0,100.0,100.0,100.0,100.0,100.0
78,cat,cat,cat,0.16388091444969177,0.0377274751663208,80.0,90.0,93.33333333333333,100.0,98.0
79,ship,ship,airplane,0.11026138812303543,0.02691829204559326,80.0,90.0,100.0,95.0,96.0
80,ship,ship,ship,0.0,0.0,100.0,100.0,100.0,100.0,100.0
81,automobile,automobile,automobile,0.0,0.0,100.0,100.0,100.0,100.0,100.0
82,automobile,automobile,automobile,0.0,0.0,100.0,100.0,100.0,100.0,100.0
83,horse,airplane,airplane,0.0,0.0,100.0,100.0,100.0,100.0,100.0
84,bird,bird,cat,0.17625027894973755,0.03946930170059204,80.0,100.0,93.33333333333333,100.0,96.0
85,dog,dog,truck,0.27455949783325195,0.05575624108314514,100.0,90.0,93.33333333333333,100.0,96.0
86,bird,airplane,airplane,0.0,0.0,100.0,100.0,100.0,100.0,100.0
87,horse,horse,horse,0.0,0.0,100.0,100.0,100.0,100.0,100.0
88,ship,ship,ship,0.0,0.0,100.0,100.0,100.0,100.0,100.0
89,truck,truck,truck,0.0,0.0,100.0,100.0,100.0,100.0,100.0
90,airplane,airplane,airplane,0.0,0.0,100.0,100.0,100.0,100.0,100.0
91,cat,cat,frog,0.5258679389953613,0.15991322696208954,80.0,90.0,93.33333333333333,90.0,92.0
92,ship,ship,ship,0.0,0.0,100.0,100.0,100.0,100.0,100.0
93,frog,frog,frog,0.0,0.0,100.0,100.0,100.0,100.0,100.0
94,deer,deer,bird,0.17270682752132416,0.038120731711387634,100.0,100.0,100.0,90.0,100.0
95,frog,frog,frog,0.0,0.0,100.0,100.0,100.0,100.0,100.0
96,frog,frog,frog,0.13342340290546417,0.04918050765991211,100.0,90.0,100.0,95.0,98.0
97,airplane,airplane,airplane,0.19563888013362885,0.044880807399749756,100.0,100.0,100.0,95.0,98.0
98,airplane,airplane,airplane,0.0,0.0,100.0,100.0,100.0,100.0,100.0
99,horse,horse,horse,0.0,0.0,100.0,100.0,100.0,100.0,100.0
100,deer,bird,bird,0.0,0.0,100.0,100.0,100.0,100.0,100.0
101,dog,dog,ship,0.2152022421360016,0.044785499572753906,100.0,100.0,93.33333333333333,95.0,98.0
102,frog,frog,frog,0.0,0.0,100.0,100.0,100.0,100.0,100.0
103,cat,cat,cat,0.0,0.0,100.0,100.0,100.0,100.0,100.0
104,automobile,automobile,automobile,0.0,0.0,100.0,100.0,100.0,100.0,100.0
105,automobile,automobile,automobile,0.0,0.0,100.0,100.0,100.0,100.0,100.0
106,cat,cat,cat,0.0,0.0,100.0,100.0,100.0,100.0,100.0
107,frog,frog,frog,0.0,0.0,100.0,100.0,100.0,100.0,100.0
108,ship,ship,ship,0.0,0.0,100.0,100.0,100.0,100.0,100.0
109,horse,horse,horse,0.0,0.0,100.0,100.0,100.0,100.0,100.0
110,deer,deer,deer,0.0,0.0,100.0,100.0,100.0,100.0,100.0
111,airplane,airplane,airplane,0.21154692769050598,0.05481982231140137,100.0,100.0,93.33333333333333,95.0,96.0
112,frog,airplane,airplane,0.0,0.0,100.0,100.0,100.0,100.0,100.0
113,bird,bird,bird,0.0,0.0,100.0,100.0,100.0,100.0,100.0
114,automobile,automobile,truck,0.18669399619102478,0.05772729218006134,100.0,90.0,93.33333333333333,100.0,96.0
115,cat,cat,cat,0.0,0.0,100.0,100.0,100.0,100.0,100.0
116,airplane,airplane,airplane,0.0,0.0,100.0,100.0,100.0,100.0,100.0
117,deer,horse,horse,0.0,0.0,100.0,100.0,100.0,100.0,100.0
118,bird,frog,frog,0.0,0.0,100.0,100.0,100.0,100.0,100.0
119,horse,cat,cat,0.3325422406196594,0.09098267555236816,100.0,90.0,86.66666666666667,95.0,96.0
120,ship,airplane,airplane,0.0,0.0,100.0,100.0,100.0,100.0,100.0
121,cat,cat,dog,0.17896822094917297,0.03639858961105347,80.0,100.0,93.33333333333333,90.0,100.0
122,automobile,automobile,automobile,0.0,0.0,100.0,100.0,100.0,100.0,100.0
123,bird,bird,bird,0.0,0.0,100.0,100.0,100.0,100.0,100.0
124,ship,ship,ship,0.0,0.0,100.0,100.0,100.0,100.0,100.0
125,airplane,airplane,airplane,0.2433447539806366,0.05907319486141205,100.0,100.0,93.33333333333333,95.0,96.0
126,ship,ship,ship,0.0,0.0,100.0,100.0,100.0,100.0,100.0
127,cat,cat,horse,0.2272132933139801,0.0633620023727417,100.0,70.0,93.33333333333333,100.0,98.0
128,dog,cat,cat,0.0,0.0,100.0,100.0,100.0,100.0,100.0
129,bird,bird,bird,0.0,0.0,100.0,100.0,100.0,100.0,100.0
130,deer,deer,frog,0.1829744428396225,0.03728044033050537,100.0,100.0,93.33333333333333,95.0,96.0
131,automobile,automobile,automobile,0.0,0.0,100.0,100.0,100.0,100.0,100.0
132,ship,ship,ship,0.0,0.0,100.0,100.0,100.0,100.0,100.0
133,truck,truck,truck,0.0,0.0,100.0,100.0,100.0,100.0,100.0
134,automobile,automobile,automobile,0.0,0.0,100.0,100.0,100.0,100.0,100.0
135,bird,bird,bird,0.0,0.0,100.0,100.0,100.0,100.0,100.0
136,truck,truck,truck,0.0,0.0,100.0,100.0,100.0,100.0,100.0
137,horse,horse,horse,0.0,0.0,100.0,100.0,100.0,100.0,100.0
138,bird,bird,frog,0.20306886732578278,0.08766908943653107,80.0,100.0,93.33333333333333,100.0,96.0
139,truck,truck,truck,0.0,0.0,100.0,100.0,100.0,100.0,100.0
140,frog,cat,cat,0.0,0.0,100.0,100.0,100.0,100.0,100.0
141,dog,dog,dog,0.0,0.0,100.0,100.0,100.0,100.0,100.0
142,frog,frog,frog,0.0,0.0,100.0,100.0,100.0,100.0,100.0
143,cat,dog,dog,0.0,0.0,100.0,100.0,100.0,100.0,100.0
144,ship,ship,ship,0.0,0.0,100.0,100.0,100.0,100.0,100.0
145,horse,horse,cat,0.2122659683227539,0.042736828327178955,80.0,90.0,86.66666666666667,95.0,98.0
146,frog,frog,frog,0.0,0.0,100.0,100.0,100.0,100.0,100.0
147,bird,dog,dog,0.0,0.0,100.0,100.0,100.0,100.0,100.0
148,dog,cat,cat,0.0,0.0,100.0,100.0,100.0,100.0,100.0
149,bird,bird,cat,0.4750385284423828,0.12858352065086365,80.0,90.0,93.33333333333333,85.0,98.0
150,ship,ship,ship,0.0,0.0,100.0,100.0,100.0,100.0,100.0
151,truck,truck,truck,0.0,0.0,100.0,100.0,100.0,100.0,100.0
152,frog,frog,frog,0.0,0.0,100.0,100.0,100.0,100.0,100.0
153,airplane,airplane,airplane,0.0,0.0,100.0,100.0,100.0,100.0,100.0
154,airplane,airplane,airplane,0.0,0.0,100.0,100.0,100.0,100.0,100.0
155,dog,frog,frog,0.3546207845211029,0.1001577377319336,80.0,80.0,100.0,95.0,96.0
156,bird,bird,cat,0.42079073190689087,0.11071425676345825,60.0,100.0,86.66666666666667,90.0,94.0
157,truck,truck,truck,0.0,0.0,100.0,100.0,100.0,100.0,100.0
158,dog,cat,cat,0.26817721128463745,0.06207635998725891,100.0,90.0,93.33333333333333,90.0,96.0
159,deer,deer,deer,0.0,0.0,100.0,100.0,100.0,100.0,100.0
160,bird,bird,bird,0.0,0.0,100.0,100.0,100.0,100.0,100.0
161,automobile,automobile,automobile,0.0,0.0,100.0,100.0,100.0,100.0,100.0
162,frog,cat,cat,0.0,0.0,100.0,100.0,100.0,100.0,100.0
163,frog,frog,frog,0.0,0.0,100.0,100.0,100.0,100.0,100.0
164,ship,airplane,airplane,0.0,0.0,100.0,100.0,100.0,100.0,100.0
165,deer,deer,deer,0.0,0.0,100.0,100.0,100.0,100.0,100.0
166,ship,ship,ship,0.0,0.0,100.0,100.0,100.0,100.0,100.0
167,deer,frog,frog,0.1607697308063507,0.03663589060306549,80.0,100.0,93.33333333333333,95.0,94.0
168,dog,dog,dog,0.0,0.0,100.0,100.0,100.0,100.0,100.0
169,airplane,airplane,ship,0.347942054271698,0.09512630105018616,80.0,100.0,93.33333333333333,85.0,100.0
170,truck,truck,truck,0.0,0.0,100.0,100.0,100.0,100.0,100.0
171,truck,truck,truck,0.0,0.0,100.0,100.0,100.0,100.0,100.0
172,truck,truck,ship,0.24158424139022827,0.06916052103042603,100.0,100.0,93.33333333333333,85.0,98.0
173,ship,ship,airplane,0.21510817110538483,0.03637406975030899,100.0,90.0,86.66666666666667,95.0,96.0
174,truck,truck,truck,0.0,0.0,100.0,100.0,100.0,100.0,100.0
175,truck,truck,truck,0.0,0.0,100.0,100.0,100.0,100.0,100.0
176,cat,cat,cat,0.0,0.0,100.0,100.0,100.0,100.0,100.0
177,horse,horse,horse,0.0,0.0,100.0,100.0,100.0,100.0,100.0
178,dog,dog,bird,0.1344478279352188,0.034646689891815186,100.0,100.0,93.33333333333333,95.0,98.0
179,airplane,airplane,airplane,0.0,0.0,100.0,100.0,100.0,100.0,100.0
180,airplane,bird,bird,0.0,0.0,100.0,100.0,100.0,100.0,100.0
181,dog,dog,dog,0.0,0.0,100.0,100.0,100.0,100.0,100.0
182,bird,bird,bird,0.0,0.0,100.0,100.0,100.0,100.0,100.0
183,bird,cat,cat,0.0,0.0,100.0,100.0,100.0,100.0,100.0
184,cat,cat,cat,0.0,0.0,100.0,100.0,100.0,100.0,100.0
185,ship,ship,ship,0.0,0.0,100.0,100.0,100.0,100.0,100.0
186,frog,frog,frog,0.0,0.0,100.0,100.0,100.0,100.0,100.0
187,cat,cat,cat,0.0,0.0,100.0,100.0,100.0,100.0,100.0
188,deer,bird,bird,0.0,0.0,100.0,100.0,100.0,100.0,100.0
189,airplane,airplane,airplane,0.0,0.0,100.0,100.0,100.0,100.0,100.0
190,dog,dog,dog,0.0,0.0,100.0,100.0,100.0,100.0,100.0
191,ship,ship,ship,0.0,0.0,100.0,100.0,100.0,100.0,100.0
192,airplane,airplane,airplane,0.0,0.0,100.0,100.0,100.0,100.0,100.0
193,automobile,automobile,automobile,0.0,0.0,100.0,100.0,100.0,100.0,100.0
194,horse,horse,horse,0.21815325319766998,0.06971493363380432,100.0,90.0,93.33333333333333,90.0,100.0
195,bird,cat,cat,0.0,0.0,100.0,100.0,100.0,100.0,100.0
196,ship,ship,ship,0.0,0.0,100.0,100.0,100.0,100.0,100.0
197,ship,cat,cat,0.0,0.0,100.0,100.0,100.0,100.0,100.0
198,horse,cat,cat,0.260485976934433,0.08008606731891632,100.0,90.0,86.66666666666667,90.0,100.0
199,ship,ship,ship,0.0,0.0,100.0,100.0,100.0,100.0,100.0
200,dog,cat,cat,0.0,0.0,100.0,100.0,100.0,100.0,100.0
201,automobile,airplane,airplane,0.21854937076568604,0.039168745279312134,80.0,90.0,86.66666666666667,90.0,96.0
202,ship,ship,ship,0.0,0.0,100.0,100.0,100.0,100.0,100.0
203,horse,horse,truck,0.2954879403114319,0.055968016386032104,100.0,90.0,93.33333333333333,90.0,94.0
204,automobile,automobile,automobile,0.0,0.0,100.0,100.0,100.0,100.0,100.0
205,cat,cat,cat,0.0,0.0,100.0,100.0,100.0,100.0,100.0
206,airplane,airplane,airplane,0.0,0.0,100.0,100.0,100.0,100.0,100.0
207,dog,dog,dog,0.1965312361717224,0.03986630588769913,100.0,90.0,93.33333333333333,90.0,98.0
208,horse,horse,horse,0.0,0.0,100.0,100.0,100.0,100.0,100.0
209,truck,truck,truck,0.0,0.0,100.0,100.0,100.0,100.0,100.0
210,horse,deer,deer,0.0,0.0,100.0,100.0,100.0,100.0,100.0
211,deer,airplane,airplane,0.0,0.0,100.0,100.0,100.0,100.0,100.0
212,dog,dog,dog,0.0,0.0,100.0,100.0,100.0,100.0,100.0
213,truck,truck,truck,0.0,0.0,100.0,100.0,100.0,100.0,100.0
214,ship,bird,bird,0.0,0.0,100.0,100.0,100.0,100.0,100.0
215,airplane,airplane,airplane,0.0,0.0,100.0,100.0,100.0,100.0,100.0
216,horse,horse,horse,0.0,0.0,100.0,100.0,100.0,100.0,100.0
217,truck,truck,truck,0.0,0.0,100.0,100.0,100.0,100.0,100.0
218,ship,airplane,airplane,0.0,0.0,100.0,100.0,100.0,100.0,100.0
219,bird,bird,bird,0.12059301882982254,0.04518592730164528,100.0,100.0,93.33333333333333,95.0,100.0
220,horse,horse,deer,0.16135096549987793,0.04902207851409912,100.0,100.0,100.0,95.0,100.0
221,frog,dog,dog,0.0,0.0,100.0,100.0,100.0,100.0,100.0
222,truck,truck,truck,0.0,0.0,100.0,100.0,100.0,100.0,100.0
223,deer,horse,horse,0.2062102109193802,0.04635195434093475,100.0,90.0,100.0,95.0,98.0
224,cat,cat,deer,0.2746886909008026,0.05653509497642517,80.0,100.0,93.33333333333333,90.0,96.0
225,truck,truck,truck,0.280815452337265,0.08914731442928314,80.0,90.0,86.66666666666667,90.0,96.0
226,frog,horse,horse,0.0,0.0,100.0,100.0,100.0,100.0,100.0
227,deer,deer,deer,0.0,0.0,100.0,100.0,100.0,100.0,100.0
228,horse,horse,cat,0.16210149228572845,0.03262859582901001,100.0,100.0,93.33333333333333,100.0,98.0
229,frog,cat,cat,0.0,0.0,100.0,100.0,100.0,100.0,100.0
230,dog,dog,dog,0.0,0.0,100.0,100.0,100.0,100.0,100.0
231,automobile,automobile,automobile,0.0,0.0,100.0,100.0,100.0,100.0,100.0
232,dog,dog,cat,0.33411991596221924,0.12459283322095871,80.0,80.0,93.33333333333333,90.0,98.0
233,ship,ship,ship,0.0,0.0,100.0,100.0,100.0,100.0,100.0
234,ship,ship,ship,0.0,0.0,100.0,100.0,100.0,100.0,100.0
235,airplane,airplane,airplane,0.0,0.0,100.0,100.0,100.0,100.0,100.0
236,deer,deer,deer,0.0,0.0,100.0,100.0,100.0,100.0,100.0
237,airplane,ship,ship,0.0,0.0,100.0,100.0,100.0,100.0,100.0
238,dog,dog,dog,0.0,0.0,100.0,100.0,100.0,100.0,100.0
239,dog,cat,cat,0.0,0.0,100.0,100.0,100.0,100.0,100.0
240,automobile,automobile,automobile,0.0,0.0,100.0,100.0,100.0,100.0,100.0
241,automobile,automobile,automobile,0.0,0.0,100.0,100.0,100.0,100.0,100.0
242,ship,ship,ship,0.0,0.0,100.0,100.0,100.0,100.0,100.0
243,truck,truck,truck,0.0,0.0,100.0,100.0,100.0,100.0,100.0
244,airplane,airplane,airplane,0.0,0.0,100.0,100.0,100.0,100.0,100.0
245,cat,cat,frog,0.6103264689445496,0.21820969879627228,80.0,100.0,80.0,95.0,92.0
246,automobile,automobile,automobile,0.0,0.0,100.0,100.0,100.0,100.0,100.0
247,truck,truck,ship,0.6221156120300293,0.12486621737480164,80.0,70.0,100.0,90.0,88.0
248,bird,bird,bird,0.0,0.0,100.0,100.0,100.0,100.0,100.0
249,bird,bird,bird,0.0,0.0,100.0,100.0,100.0,100.0,100.0
250,dog,cat,cat,0.3243265450000763,0.05716966837644577,100.0,90.0,73.33333333333333,85.0,96.0
251,cat,dog,dog,0.0,0.0,100.0,100.0,100.0,100.0,100.0
252,truck,truck,automobile,0.22915102541446686,0.05932033061981201,100.0,100.0,93.33333333333333,95.0,100.0
253,truck,truck,truck,0.25602689385414124,0.09748395532369614,100.0,90.0,93.33333333333333,95.0,98.0
254,deer,deer,deer,0.0,0.0,100.0,100.0,100.0,100.0,100.0
255,airplane,airplane,ship,0.26980987191200256,0.09527426958084106,80.0,100.0,80.0,90.0,98.0
256,cat,cat,cat,0.0,0.0,100.0,100.0,100.0,100.0,100.0
257,airplane,airplane,airplane,0.0,0.0,100.0,100.0,100.0,100.0,100.0
258,airplane,airplane,airplane,0.0,0.0,100.0,100.0,100.0,100.0,100.0
259,truck,truck,truck,0.0,0.0,100.0,100.0,100.0,100.0,100.0
260,ship,ship,ship,0.0,0.0,100.0,100.0,100.0,100.0,100.0
261,automobile,automobile,automobile,0.0,0.0,100.0,100.0,100.0,100.0,100.0
262,dog,dog,dog,0.0,0.0,100.0,100.0,100.0,100.0,100.0
263,horse,cat,cat,0.0,0.0,100.0,100.0,100.0,100.0,100.0
264,airplane,airplane,ship,0.21023499965667725,0.03999654948711395,100.0,90.0,100.0,100.0,98.0
265,ship,ship,ship,0.0,0.0,100.0,100.0,100.0,100.0,100.0
266,bird,bird,airplane,0.2759098708629608,0.05948396399617195,100.0,80.0,86.66666666666667,85.0,100.0
267,deer,deer,frog,0.24776314198970795,0.06045086681842804,100.0,80.0,100.0,95.0,94.0
268,horse,horse,horse,0.0,0.0,100.0,100.0,100.0,100.0,100.0
269,airplane,airplane,cat,0.3797653615474701,0.06846484541893005,80.0,80.0,86.66666666666667,90.0,96.0
270,bird,bird,bird,0.0,0.0,100.0,100.0,100.0,100.0,100.0
271,cat,cat,cat,0.0,0.0,100.0,100.0,100.0,100.0,100.0
272,frog,frog,frog,0.0,0.0,100.0,100.0,100.0,100.0,100.0
273,cat,cat,cat,0.0,0.0,100.0,100.0,100.0,100.0,100.0
274,ship,ship,ship,0.0,0.0,100.0,100.0,100.0,100.0,100.0
275,dog,cat,cat,0.0,0.0,100.0,100.0,100.0,100.0,100.0
276,airplane,airplane,airplane,0.24051398038864136,0.07718712091445923,80.0,100.0,100.0,95.0,96.0
277,cat,cat,cat,0.0,0.0,100.0,100.0,100.0,100.0,100.0
278,deer,deer,cat,0.35824427008628845,0.10858935117721558,100.0,90.0,93.33333333333333,100.0,94.0
279,cat,cat,horse,0.20831476151943207,0.06833861768245697,80.0,100.0,93.33333333333333,95.0,96.0
280,truck,truck,truck,0.0,0.0,100.0,100.0,100.0,100.0,100.0
281,airplane,airplane,airplane,0.0,0.0,100.0,100.0,100.0,100.0,100.0
282,frog,frog,frog,0.0,0.0,100.0,100.0,100.0,100.0,100.0
283,automobile,automobile,automobile,0.0,0.0,100.0,100.0,100.0,100.0,100.0
284,airplane,airplane,airplane,0.0,0.0,100.0,100.0,100.0,100.0,100.0
285,truck,truck,truck,0.0,0.0,100.0,100.0,100.0,100.0,100.0
286,automobile,automobile,automobile,0.0,0.0,100.0,100.0,100.0,100.0,100.0
287,airplane,airplane,bird,0.6018968224525452,0.1872486025094986,80.0,90.0,86.66666666666667,85.0,90.0
288,horse,horse,airplane,0.15667913854122162,0.04974040389060974,80.0,90.0,100.0,95.0,98.0
289,truck,truck,truck,0.0,0.0,100.0,100.0,100.0,100.0,100.0
290,automobile,automobile,ship,0.37976086139678955,0.14395460486412048,80.0,100.0,93.33333333333333,90.0,96.0
291,bird,bird,bird,0.0,0.0,100.0,100.0,100.0,100.0,100.0
292,frog,frog,dog,0.15266935527324677,0.030655167996883392,100.0,90.0,80.0,95.0,98.0
293,truck,truck,automobile,0.2663409411907196,0.060302600264549255,80.0,100.0,86.66666666666667,95.0,98.0
294,cat,cat,cat,0.0,0.0,100.0,100.0,100.0,100.0,100.0
295,deer,deer,deer,0.0,0.0,100.0,100.0,100.0,100.0,100.0
296,frog,frog,frog,0.0,0.0,100.0,100.0,100.0,100.0,100.0
297,airplane,airplane,airplane,0.0,0.0,100.0,100.0,100.0,100.0,100.0
298,airplane,airplane,airplane,0.0,0.0,100.0,100.0,100.0,100.0,100.0
299,frog,frog,frog,0.0,0.0,100.0,100.0,100.0,100.0,100.0
300,frog,frog,frog,0.0,0.0,100.0,100.0,100.0,100.0,100.0
301,frog,frog,frog,0.0,0.0,100.0,100.0,100.0,100.0,100.0
302,cat,cat,dog,0.3435474634170532,0.09309069812297821,100.0,80.0,86.66666666666667,90.0,98.0
303,bird,airplane,airplane,0.0,0.0,100.0,100.0,100.0,100.0,100.0
304,frog,frog,frog,0.1609233021736145,0.02609226107597351,100.0,100.0,100.0,95.0,98.0
305,automobile,airplane,airplane,0.0,0.0,100.0,100.0,100.0,100.0,100.0
306,ship,ship,truck,0.311537504196167,0.060364797711372375,100.0,100.0,93.33333333333333,95.0,96.0
307,bird,bird,bird,0.18519124388694763,0.05472244322299957,100.0,90.0,93.33333333333333,100.0,96.0
308,automobile,truck,truck,0.0,0.0,100.0,100.0,100.0,100.0,100.0
309,frog,bird,bird,0.0,0.0,100.0,100.0,100.0,100.0,100.0
310,ship,ship,airplane,0.3177478015422821,0.06430327892303467,100.0,90.0,100.0,85.0,96.0
311,frog,frog,frog,0.0,0.0,100.0,100.0,100.0,100.0,100.0
312,ship,airplane,airplane,0.0,0.0,100.0,100.0,100.0,100.0,100.0
313,airplane,bird,bird,0.0,0.0,100.0,100.0,100.0,100.0,100.0
314,deer,cat,cat,0.3359629213809967,0.07552604377269745,100.0,90.0,86.66666666666667,95.0,96.0
315,airplane,airplane,airplane,0.0,0.0,100.0,100.0,100.0,100.0,100.0
316,horse,bird,bird,0.0,0.0,100.0,100.0,100.0,100.0,100.0
317,horse,horse,horse,0.0,0.0,100.0,100.0,100.0,100.0,100.0
318,dog,dog,dog,0.0,0.0,100.0,100.0,100.0,100.0,100.0
319,dog,cat,cat,0.1278407722711563,0.036327872425317764,80.0,100.0,93.33333333333333,95.0,98.0
320,cat,cat,cat,0.0,0.0,100.0,100.0,100.0,100.0,100.0
321,dog,dog,dog,0.0,0.0,100.0,100.0,100.0,100.0,100.0
322,bird,bird,bird,0.0,0.0,100.0,100.0,100.0,100.0,100.0
323,cat,cat,cat,0.0,0.0,100.0,100.0,100.0,100.0,100.0
324,deer,horse,horse,0.0,0.0,100.0,100.0,100.0,100.0,100.0
325,automobile,automobile,automobile,0.0,0.0,100.0,100.0,100.0,100.0,100.0
326,horse,horse,deer,0.3580613434314728,0.07831737399101257,80.0,80.0,86.66666666666667,90.0,96.0
327,dog,dog,dog,0.0,0.0,100.0,100.0,100.0,100.0,100.0
328,deer,deer,deer,0.0,0.0,100.0,100.0,100.0,100.0,100.0
329,frog,frog,frog,0.0,0.0,100.0,100.0,100.0,100.0,100.0
330,automobile,automobile,automobile,0.0,0.0,100.0,100.0,100.0,100.0,100.0
331,truck,truck,truck,0.0,0.0,100.0,100.0,100.0,100.0,100.0
332,cat,cat,dog,0.23423726856708527,0.05794760584831238,80.0,100.0,86.66666666666667,95.0,96.0
333,frog,frog,cat,0.3514818847179413,0.10885018110275269,80.0,90.0,93.33333333333333,90.0,98.0
334,frog,frog,frog,0.0,0.0,100.0,100.0,100.0,100.0,100.0
335,truck,truck,truck,0.25936031341552734,0.09182610362768173,100.0,90.0,93.33333333333333,95.0,96.0
336,cat,cat,cat,0.0,0.0,100.0,100.0,100.0,100.0,100.0
337,ship,ship,ship,0.0,0.0,100.0,100.0,100.0,100.0,100.0
338,airplane,airplane,airplane,0.0,0.0,100.0,100.0,100.0,100.0,100.0
339,horse,horse,horse,0.0,0.0,100.0,100.0,100.0,100.0,100.0
340,bird,frog,frog,0.12467200309038162,0.03319023549556732,100.0,100.0,93.33333333333333,95.0,98.0
341,frog,frog,frog,0.0,0.0,100.0,100.0,100.0,100.0,100.0
342,bird,airplane,airplane,0.0,0.0,100.0,100.0,100.0,100.0,100.0
343,dog,dog,dog,0.0,0.0,100.0,100.0,100.0,100.0,100.0
344,ship,ship,ship,0.0,0.0,100.0,100.0,100.0,100.0,100.0
345,dog,dog,dog,0.0,0.0,100.0,100.0,100.0,100.0,100.0
346,deer,horse,horse,0.0,0.0,100.0,100.0,100.0,100.0,100.0
347,frog,frog,frog,0.0,0.0,100.0,100.0,100.0,100.0,100.0
348,ship,ship,airplane,0.1672651767730713,0.03391573578119278,80.0,90.0,93.33333333333333,100.0,98.0
349,truck,truck,truck,0.0,0.0,100.0,100.0,100.0,100.0,100.0
350,truck,truck,truck,0.0,0.0,100.0,100.0,100.0,100.0,100.0
351,automobile,automobile,automobile,0.0,0.0,100.0,100.0,100.0,100.0,100.0
352,airplane,airplane,ship,0.20903782546520233,0.05665089190006256,100.0,90.0,100.0,100.0,96.0
353,bird,bird,bird,0.0,0.0,100.0,100.0,100.0,100.0,100.0
354,bird,cat,cat,0.0,0.0,100.0,100.0,100.0,100.0,100.0
355,horse,deer,deer,0.0,0.0,100.0,100.0,100.0,100.0,100.0
356,cat,cat,frog,0.2580898404121399,0.05452558398246765,100.0,80.0,93.33333333333333,100.0,96.0
357,bird,bird,horse,0.2538238763809204,0.07961985468864441,100.0,90.0,93.33333333333333,100.0,96.0
358,ship,ship,ship,0.0,0.0,100.0,100.0,100.0,100.0,100.0
359,airplane,airplane,airplane,0.0,0.0,100.0,100.0,100.0,100.0,100.0
360,truck,truck,truck,0.0,0.0,100.0,100.0,100.0,100.0,100.0
361,dog,cat,cat,0.0,0.0,100.0,100.0,100.0,100.0,100.0
362,ship,ship,ship,0.0,0.0,100.0,100.0,100.0,100.0,100.0
363,automobile,automobile,truck,0.21632735431194305,0.053804412484169006,100.0,90.0,86.66666666666667,95.0,100.0
364,truck,truck,truck,0.0,0.0,100.0,100.0,100.0,100.0,100.0
365,deer,deer,airplane,0.24446871876716614,0.06212767958641052,100.0,90.0,100.0,90.0,98.0
366,automobile,automobile,automobile,0.0,0.0,100.0,100.0,100.0,100.0,100.0
367,cat,cat,frog,0.15000413358211517,0.03419339656829834,100.0,90.0,100.0,100.0,98.0
368,ship,ship,bird,0.2722940146923065,0.09427115321159363,80.0,100.0,100.0,95.0,94.0
369,automobile,automobile,automobile,0.0,0.0,100.0,100.0,100.0,100.0,100.0
370,deer,airplane,airplane,0.0,0.0,100.0,100.0,100.0,100.0,100.0
371,horse,horse,horse,0.0,0.0,100.0,100.0,100.0,100.0,100.0
372,truck,truck,truck,0.0,0.0,100.0,100.0,100.0,100.0,100.0
373,deer,cat,cat,0.0,0.0,100.0,100.0,100.0,100.0,100.0
374,bird,bird,bird,0.0,0.0,100.0,100.0,100.0,100.0,100.0
375,horse,horse,horse,0.0,0.0,100.0,100.0,100.0,100.0,100.0
376,airplane,airplane,truck,0.27511200308799744,0.0704229474067688,100.0,90.0,93.33333333333333,95.0,98.0
377,horse,horse,bird,0.3986513614654541,0.14784762263298035,80.0,100.0,86.66666666666667,80.0,92.0
378,airplane,airplane,ship,0.3210636377334595,0.1160137951374054,80.0,100.0,86.66666666666667,100.0,100.0
379,frog,frog,cat,0.22759374976158142,0.06887248903512955,100.0,90.0,100.0,100.0,98.0
380,frog,frog,frog,0.0,0.0,100.0,100.0,100.0,100.0,100.0
381,truck,truck,truck,0.0,0.0,100.0,100.0,100.0,100.0,100.0
382,airplane,airplane,airplane,0.0,0.0,100.0,100.0,100.0,100.0,100.0
383,truck,airplane,airplane,0.0,0.0,100.0,100.0,100.0,100.0,100.0
384,bird,dog,dog,0.0,0.0,100.0,100.0,100.0,100.0,100.0
385,ship,airplane,airplane,0.0,0.0,100.0,100.0,100.0,100.0,100.0
386,horse,horse,horse,0.0,0.0,100.0,100.0,100.0,100.0,100.0
387,bird,bird,bird,0.0,0.0,100.0,100.0,100.0,100.0,100.0
388,bird,cat,cat,0.0,0.0,100.0,100.0,100.0,100.0,100.0
389,dog,dog,horse,0.35231760144233704,0.09149986505508423,80.0,90.0,93.33333333333333,90.0,94.0
390,automobile,automobile,automobile,0.0,0.0,100.0,100.0,100.0,100.0,100.0
391,bird,bird,bird,0.0,0.0,100.0,100.0,100.0,100.0,100.0
392,frog,frog,frog,0.0,0.0,100.0,100.0,100.0,100.0,100.0
393,bird,bird,bird,0.0,0.0,100.0,100.0,100.0,100.0,100.0
394,truck,automobile,automobile,0.0,0.0,100.0,100.0,100.0,100.0,100.0
395,frog,frog,frog,0.0,0.0,100.0,100.0,100.0,100.0,100.0
396,bird,bird,bird,0.0,0.0,100.0,100.0,100.0,100.0,100.0
397,cat,cat,airplane,0.6253436207771301,0.16590145230293274,80.0,90.0,86.66666666666667,85.0,90.0
398,airplane,airplane,airplane,0.0,0.0,100.0,100.0,100.0,100.0,100.0
399,cat,cat,cat,0.0,0.0,100.0,100.0,100.0,100.0,100.0
400,truck,truck,truck,0.0,0.0,100.0,100.0,100.0,100.0,100.0
401,ship,ship,automobile,0.268541544675827,0.0634622648358345,100.0,100.0,93.33333333333333,95.0,96.0
402,horse,horse,deer,0.1229458898305893,0.040291979908943176,80.0,100.0,93.33333333333333,95.0,98.0
403,ship,ship,airplane,0.4482382535934448,0.14443901181221008,80.0,90.0,93.33333333333333,95.0,96.0
404,ship,ship,ship,0.0,0.0,100.0,100.0,100.0,100.0,100.0
405,deer,frog,frog,0.0,0.0,100.0,100.0,100.0,100.0,100.0
406,airplane,airplane,airplane,0.0,0.0,100.0,100.0,100.0,100.0,100.0
407,automobile,automobile,automobile,0.0,0.0,100.0,100.0,100.0,100.0,100.0
408,ship,ship,ship,0.0,0.0,100.0,100.0,100.0,100.0,100.0
409,bird,bird,horse,0.21390698850154877,0.08255596458911896,80.0,90.0,100.0,100.0,98.0
410,horse,horse,horse,0.0,0.0,100.0,100.0,100.0,100.0,100.0
411,truck,airplane,airplane,0.0,0.0,100.0,100.0,100.0,100.0,100.0
412,cat,cat,dog,0.34738239645957947,0.09476426243782043,80.0,80.0,93.33333333333333,95.0,96.0
413,frog,frog,frog,0.0,0.0,100.0,100.0,100.0,100.0,100.0
414,automobile,automobile,automobile,0.0,0.0,100.0,100.0,100.0,100.0,100.0
415,truck,truck,truck,0.0,0.0,100.0,100.0,100.0,100.0,100.0
416,airplane,airplane,airplane,0.2288070023059845,0.05158200487494469,60.0,80.0,100.0,90.0,96.0
417,horse,horse,dog,0.28633004426956177,0.0627116709947586,80.0,100.0,100.0,90.0,98.0
418,cat,bird,bird,0.0,0.0,100.0,100.0,100.0,100.0,100.0
419,horse,horse,deer,0.14789947867393494,0.03371278941631317,60.0,100.0,100.0,90.0,96.0
420,deer,deer,frog,0.35172775387763977,0.08823635429143906,80.0,80.0,93.33333333333333,90.0,98.0
421,dog,cat,cat,0.2830904722213745,0.06995932012796402,80.0,100.0,100.0,95.0,98.0
422,airplane,airplane,airplane,0.0,0.0,100.0,100.0,100.0,100.0,100.0
423,airplane,airplane,airplane,0.0,0.0,100.0,100.0,100.0,100.0,100.0
424,bird,bird,bird,0.0,0.0,100.0,100.0,100.0,100.0,100.0
425,truck,truck,truck,0.0,0.0,100.0,100.0,100.0,100.0,100.0
426,cat,cat,cat,0.0,0.0,100.0,100.0,100.0,100.0,100.0
427,deer,bird,bird,0.2328745275735855,0.04616183042526245,100.0,70.0,93.33333333333333,90.0,96.0
428,airplane,airplane,bird,0.23452822864055634,0.06666222214698792,100.0,90.0,86.66666666666667,90.0,94.0
429,frog,frog,frog,0.18767662346363068,0.045547351241111755,80.0,100.0,93.33333333333333,85.0,98.0
430,bird,bird,cat,0.47337833046913147,0.09237317740917206,80.0,80.0,80.0,85.0,94.0
431,dog,dog,cat,0.253585547208786,0.05418975651264191,100.0,90.0,93.33333333333333,90.0,96.0
432,cat,cat,cat,0.17011743783950806,0.04647761583328247,100.0,90.0,100.0,95.0,96.0
433,horse,horse,horse,0.15059803426265717,0.02915450930595398,80.0,90.0,93.33333333333333,90.0,98.0
434,cat,cat,cat,0.28633707761764526,0.0644020140171051,100.0,100.0,93.33333333333333,100.0,98.0
435,horse,horse,bird,0.41365164518356323,0.15409862995147705,80.0,90.0,93.33333333333333,95.0,96.0
436,bird,cat,cat,0.17854750156402588,0.031143099069595337,80.0,80.0,100.0,95.0,98.0
437,dog,frog,frog,0.0,0.0,100.0,100.0,100.0,100.0,100.0
438,cat,cat,cat,0.15644069015979767,0.05801048129796982,100.0,100.0,86.66666666666667,90.0,96.0
439,automobile,automobile,automobile,0.0,0.0,100.0,100.0,100.0,100.0,100.0
440,automobile,automobile,automobile,0.0,0.0,100.0,100.0,100.0,100.0,100.0
441,deer,bird,bird,0.39405280351638794,0.14566558599472046,80.0,90.0,86.66666666666667,95.0,96.0
442,truck,truck,truck,0.0,0.0,100.0,100.0,100.0,100.0,100.0
443,truck,truck,truck,0.0,0.0,100.0,100.0,100.0,100.0,100.0
444,dog,dog,dog,0.0,0.0,100.0,100.0,100.0,100.0,100.0
445,horse,horse,horse,0.0,0.0,100.0,100.0,100.0,100.0,100.0
446,dog,dog,cat,0.11034097522497177,0.02339521050453186,80.0,100.0,100.0,95.0,96.0
447,airplane,airplane,airplane,0.0,0.0,100.0,100.0,100.0,100.0,100.0
448,bird,bird,bird,0.0,0.0,100.0,100.0,100.0,100.0,100.0
449,bird,bird,airplane,0.1834850162267685,0.055157922208309174,80.0,90.0,86.66666666666667,90.0,100.0
450,bird,cat,cat,0.0,0.0,100.0,100.0,100.0,100.0,100.0
451,truck,truck,truck,0.0,0.0,100.0,100.0,100.0,100.0,100.0
452,horse,horse,horse,0.0,0.0,100.0,100.0,100.0,100.0,100.0
453,cat,cat,cat,0.0,0.0,100.0,100.0,100.0,100.0,100.0
454,truck,truck,truck,0.0,0.0,100.0,100.0,100.0,100.0,100.0
455,deer,deer,deer,0.0,0.0,100.0,100.0,100.0,100.0,100.0
456,cat,deer,deer,0.0,0.0,100.0,100.0,100.0,100.0,100.0
457,dog,dog,dog,0.0,0.0,100.0,100.0,100.0,100.0,100.0
458,deer,cat,cat,0.0,0.0,100.0,100.0,100.0,100.0,100.0
459,frog,frog,frog,0.0,0.0,100.0,100.0,100.0,100.0,100.0
460,dog,dog,dog,0.0,0.0,100.0,100.0,100.0,100.0,100.0
461,frog,frog,frog,0.0,0.0,100.0,100.0,100.0,100.0,100.0
462,automobile,automobile,automobile,0.0,0.0,100.0,100.0,100.0,100.0,100.0
463,deer,bird,bird,0.0,0.0,100.0,100.0,100.0,100.0,100.0
464,cat,cat,cat,0.0,0.0,100.0,100.0,100.0,100.0,100.0
465,deer,deer,deer,0.0,0.0,100.0,100.0,100.0,100.0,100.0
466,deer,deer,deer,0.0,0.0,100.0,100.0,100.0,100.0,100.0
467,cat,cat,cat,0.0,0.0,100.0,100.0,100.0,100.0,100.0
468,horse,cat,cat,0.0,0.0,100.0,100.0,100.0,100.0,100.0
469,ship,ship,ship,0.0,0.0,100.0,100.0,100.0,100.0,100.0
470,cat,cat,cat,0.0,0.0,100.0,100.0,100.0,100.0,100.0
471,horse,horse,cat,0.16689711809158325,0.03423762321472168,80.0,90.0,100.0,90.0,98.0
472,ship,ship,ship,0.0,0.0,100.0,100.0,100.0,100.0,100.0
473,airplane,airplane,airplane,0.0,0.0,100.0,100.0,100.0,100.0,100.0
474,dog,dog,dog,0.0,0.0,100.0,100.0,100.0,100.0,100.0
475,horse,horse,airplane,0.33592653274536133,0.10759249329566956,100.0,90.0,93.33333333333333,90.0,96.0
476,frog,frog,bird,0.3251287341117859,0.08276635408401489,100.0,90.0,93.33333333333333,95.0,96.0
477,airplane,airplane,airplane,0.46919605135917664,0.1462457776069641,80.0,100.0,86.66666666666667,95.0,92.0
478,dog,cat,cat,0.0,0.0,100.0,100.0,100.0,100.0,100.0
479,deer,deer,deer,0.0,0.0,100.0,100.0,100.0,100.0,100.0
480,ship,ship,cat,0.6081371307373047,0.1650448739528656,100.0,70.0,86.66666666666667,90.0,88.0
481,frog,frog,frog,0.0,0.0,100.0,100.0,100.0,100.0,100.0
482,ship,ship,airplane,0.6179731488227844,0.1280469447374344,100.0,90.0,86.66666666666667,85.0,90.0
483,dog,cat,frog,0.2974727153778076,0.07386070489883423,80.0,100.0,86.66666666666667,90.0,96.0
484,dog,dog,dog,0.0,0.0,100.0,100.0,100.0,100.0,100.0
485,truck,truck,truck,0.0,0.0,100.0,100.0,100.0,100.0,100.0
486,truck,truck,truck,0.0,0.0,100.0,100.0,100.0,100.0,100.0
487,truck,truck,truck,0.0,0.0,100.0,100.0,100.0,100.0,100.0
488,dog,deer,deer,0.0,0.0,100.0,100.0,100.0,100.0,100.0
489,airplane,airplane,airplane,0.0,0.0,100.0,100.0,100.0,100.0,100.0
490,automobile,automobile,automobile,0.0,0.0,100.0,100.0,100.0,100.0,100.0
491,airplane,airplane,truck,0.3217485249042511,0.08516380190849304,100.0,80.0,93.33333333333333,95.0,96.0
492,ship,ship,ship,0.0,0.0,100.0,100.0,100.0,100.0,100.0
493,automobile,automobile,automobile,0.0,0.0,100.0,100.0,100.0,100.0,100.0
494,automobile,automobile,automobile,0.0,0.0,100.0,100.0,100.0,100.0,100.0
495,ship,ship,ship,0.0,0.0,100.0,100.0,100.0,100.0,100.0
496,airplane,airplane,airplane,0.0,0.0,100.0,100.0,100.0,100.0,100.0
497,bird,bird,bird,0.0,0.0,100.0,100.0,100.0,100.0,100.0
498,bird,bird,bird,0.0,0.0,100.0,100.0,100.0,100.0,100.0
499,airplane,airplane,airplane,0.0,0.0,100.0,100.0,100.0,100.0,100.0
500,deer,deer,deer,0.0,0.0,100.0,100.0,100.0,100.0,100.0
501,frog,frog,frog,0.0,0.0,100.0,100.0,100.0,100.0,100.0
502,dog,horse,horse,0.0,0.0,100.0,100.0,100.0,100.0,100.0
503,deer,deer,deer,0.0,0.0,100.0,100.0,100.0,100.0,100.0
504,truck,truck,truck,0.0,0.0,100.0,100.0,100.0,100.0,100.0
505,deer,deer,deer,0.0,0.0,100.0,100.0,100.0,100.0,100.0
506,horse,horse,horse,0.0,0.0,100.0,100.0,100.0,100.0,100.0
507,truck,truck,truck,0.0,0.0,100.0,100.0,100.0,100.0,100.0
508,truck,truck,airplane,0.3062606453895569,0.11233065277338028,100.0,90.0,86.66666666666667,95.0,96.0
509,deer,deer,deer,0.0,0.0,100.0,100.0,100.0,100.0,100.0
510,dog,dog,dog,0.0,0.0,100.0,100.0,100.0,100.0,100.0
511,frog,frog,frog,0.0,0.0,100.0,100.0,100.0,100.0,100.0
512,frog,frog,frog,0.0,0.0,100.0,100.0,100.0,100.0,100.0
513,automobile,automobile,automobile,0.0,0.0,100.0,100.0,100.0,100.0,100.0
514,dog,dog,horse,0.35505974292755127,0.07006204128265381,100.0,80.0,100.0,95.0,98.0
515,cat,cat,cat,0.0,0.0,100.0,100.0,100.0,100.0,100.0
516,ship,ship,ship,0.0,0.0,100.0,100.0,100.0,100.0,100.0
517,truck,truck,truck,0.0,0.0,100.0,100.0,100.0,100.0,100.0
518,dog,cat,cat,0.0,0.0,100.0,100.0,100.0,100.0,100.0
519,ship,ship,ship,0.0,0.0,100.0,100.0,100.0,100.0,100.0
520,dog,bird,bird,0.0,0.0,100.0,100.0,100.0,100.0,100.0
521,horse,horse,horse,0.0,0.0,100.0,100.0,100.0,100.0,100.0
522,airplane,airplane,airplane,0.0,0.0,100.0,100.0,100.0,100.0,100.0
523,horse,horse,horse,0.0,0.0,100.0,100.0,100.0,100.0,100.0
524,airplane,airplane,airplane,0.0,0.0,100.0,100.0,100.0,100.0,100.0
525,dog,dog,dog,0.0,0.0,100.0,100.0,100.0,100.0,100.0
526,airplane,airplane,ship,0.18799036741256714,0.04653289169073105,80.0,90.0,86.66666666666667,100.0,98.0
527,airplane,airplane,airplane,0.0,0.0,100.0,100.0,100.0,100.0,100.0
528,deer,cat,cat,0.0,0.0,100.0,100.0,100.0,100.0,100.0
529,frog,frog,frog,0.0,0.0,100.0,100.0,100.0,100.0,100.0
530,truck,truck,truck,0.0,0.0,100.0,100.0,100.0,100.0,100.0
531,airplane,cat,cat,0.4748751223087311,0.09805680811405182,40.0,70.0,93.33333333333333,90.0,92.0
532,truck,truck,truck,0.2352435141801834,0.06979172676801682,100.0,90.0,86.66666666666667,95.0,100.0
533,dog,dog,dog,0.0,0.0,100.0,100.0,100.0,100.0,100.0
534,frog,frog,bird,0.28266048431396484,0.05586493760347366,100.0,90.0,93.33333333333333,100.0,94.0
535,frog,frog,frog,0.0,0.0,100.0,100.0,100.0,100.0,100.0
536,frog,frog,frog,0.0,0.0,100.0,100.0,100.0,100.0,100.0
537,bird,bird,cat,0.32436227798461914,0.08110986649990082,60.0,90.0,93.33333333333333,100.0,94.0
538,truck,truck,ship,0.2872437536716461,0.07407999783754349,100.0,100.0,86.66666666666667,85.0,98.0
539,airplane,airplane,airplane,0.0,0.0,100.0,100.0,100.0,100.0,100.0
540,automobile,automobile,automobile,0.0,0.0,100.0,100.0,100.0,100.0,100.0
541,horse,horse,horse,0.0,0.0,100.0,100.0,100.0,100.0,100.0
542,frog,frog,frog,0.0,0.0,100.0,100.0,100.0,100.0,100.0
543,horse,horse,dog,0.5639399886131287,0.13443054258823395,80.0,90.0,86.66666666666667,90.0,92.0
544,dog,dog,dog,0.0,0.0,100.0,100.0,100.0,100.0,100.0
545,truck,truck,truck,0.0,0.0,100.0,100.0,100.0,100.0,100.0
546,automobile,automobile,automobile,0.0,0.0,100.0,100.0,100.0,100.0,100.0
547,frog,frog,frog,0.0,0.0,100.0,100.0,100.0,100.0,100.0
548,bird,frog,frog,0.0,0.0,100.0,100.0,100.0,100.0,100.0
549,dog,dog,dog,0.0,0.0,100.0,100.0,100.0,100.0,100.0
550,dog,dog,dog,0.0,0.0,100.0,100.0,100.0,100.0,100.0
551,dog,cat,cat,0.0,0.0,100.0,100.0,100.0,100.0,100.0
552,ship,ship,ship,0.0,0.0,100.0,100.0,100.0,100.0,100.0
553,dog,cat,cat,0.10303901135921478,0.020804613828659058,100.0,100.0,86.66666666666667,95.0,100.0
554,truck,truck,automobile,0.3382937014102936,0.1128721609711647,80.0,90.0,80.0,90.0,94.0
555,deer,deer,deer,0.0,0.0,100.0,100.0,100.0,100.0,100.0
556,frog,frog,cat,0.18501107394695282,0.0415847972035408,100.0,90.0,100.0,100.0,98.0
557,deer,deer,deer,0.0,0.0,100.0,100.0,100.0,100.0,100.0
558,cat,cat,cat,0.0,0.0,100.0,100.0,100.0,100.0,100.0
559,bird,bird,bird,0.0,0.0,100.0,100.0,100.0,100.0,100.0
560,airplane,airplane,airplane,0.0,0.0,100.0,100.0,100.0,100.0,100.0
561,horse,horse,horse,0.23880012333393097,0.10324344784021378,80.0,90.0,93.33333333333333,90.0,96.0
562,frog,frog,frog,0.0,0.0,100.0,100.0,100.0,100.0,100.0
563,bird,cat,cat,0.0,0.0,100.0,100.0,100.0,100.0,100.0
564,bird,bird,bird,0.21248258650302887,0.06476590037345886,100.0,90.0,93.33333333333333,100.0,98.0
565,cat,cat,cat,0.0,0.0,100.0,100.0,100.0,100.0,100.0
566,truck,truck,truck,0.0,0.0,100.0,100.0,100.0,100.0,100.0
567,horse,horse,cat,0.3871617019176483,0.1652892827987671,60.0,90.0,93.33333333333333,90.0,94.0
568,truck,truck,truck,0.20786184072494507,0.061371639370918274,100.0,100.0,100.0,100.0,98.0
569,bird,bird,bird,0.0,0.0,100.0,100.0,100.0,100.0,100.0
570,frog,frog,cat,0.12929712235927582,0.0260438472032547,100.0,100.0,100.0,90.0,100.0
571,horse,horse,horse,0.0,0.0,100.0,100.0,100.0,100.0,100.0
572,automobile,automobile,automobile,0.0,0.0,100.0,100.0,100.0,100.0,100.0
573,cat,cat,cat,0.0,0.0,100.0,100.0,100.0,100.0,100.0
574,frog,frog,frog,0.0,0.0,100.0,100.0,100.0,100.0,100.0
575,frog,frog,frog,0.0,0.0,100.0,100.0,100.0,100.0,100.0
576,ship,ship,ship,0.0,0.0,100.0,100.0,100.0,100.0,100.0
577,truck,truck,ship,0.3778470456600189,0.08962909877300262,80.0,100.0,93.33333333333333,95.0,94.0
578,horse,horse,deer,0.13151395320892334,0.04029695689678192,80.0,100.0,93.33333333333333,95.0,98.0
579,dog,bird,bird,0.0,0.0,100.0,100.0,100.0,100.0,100.0
580,deer,deer,deer,0.0,0.0,100.0,100.0,100.0,100.0,100.0
581,airplane,airplane,airplane,0.0,0.0,100.0,100.0,100.0,100.0,100.0
582,ship,ship,ship,0.0,0.0,100.0,100.0,100.0,100.0,100.0
583,deer,deer,airplane,0.44204097986221313,0.13519763946533203,80.0,100.0,86.66666666666667,90.0,96.0
584,airplane,airplane,airplane,0.0,0.0,100.0,100.0,100.0,100.0,100.0
585,truck,airplane,airplane,0.0,0.0,100.0,100.0,100.0,100.0,100.0
586,cat,cat,frog,0.2309044897556305,0.04961663484573364,80.0,70.0,86.66666666666667,100.0,94.0
587,deer,deer,frog,0.3145090639591217,0.0665358155965805,80.0,90.0,93.33333333333333,90.0,94.0
588,ship,ship,ship,0.0,0.0,100.0,100.0,100.0,100.0,100.0
589,truck,truck,truck,0.0,0.0,100.0,100.0,100.0,100.0,100.0
590,frog,frog,frog,0.0,0.0,100.0,100.0,100.0,100.0,100.0
591,truck,truck,truck,0.0,0.0,100.0,100.0,100.0,100.0,100.0
592,bird,bird,deer,0.343973308801651,0.0834432914853096,80.0,100.0,93.33333333333333,95.0,94.0
593,frog,frog,deer,0.21388794481754303,0.040614090859889984,80.0,90.0,93.33333333333333,100.0,100.0
594,automobile,automobile,truck,0.21965999901294708,0.05565141141414642,100.0,100.0,93.33333333333333,90.0,96.0
595,deer,airplane,airplane,0.33449557423591614,0.0748453289270401,100.0,90.0,86.66666666666667,90.0,96.0
596,horse,horse,horse,0.0,0.0,100.0,100.0,100.0,100.0,100.0
597,cat,cat,cat,0.21516670286655426,0.03574719280004501,100.0,100.0,86.66666666666667,100.0,96.0
598,dog,horse,horse,0.0,0.0,100.0,100.0,100.0,100.0,100.0
599,cat,cat,cat,0.0,0.0,100.0,100.0,100.0,100.0,100.0
600,ship,ship,truck,0.3150579631328583,0.08551619201898575,100.0,100.0,93.33333333333333,95.0,96.0
601,dog,cat,cat,0.17691820859909058,0.0339197963476181,80.0,100.0,93.33333333333333,100.0,98.0
602,airplane,airplane,airplane,0.0,0.0,100.0,100.0,100.0,100.0,100.0
603,bird,bird,airplane,0.2909870743751526,0.05292593315243721,60.0,100.0,80.0,100.0,96.0
604,automobile,automobile,automobile,0.0,0.0,100.0,100.0,100.0,100.0,100.0
605,frog,frog,frog,0.0,0.0,100.0,100.0,100.0,100.0,100.0
606,deer,cat,cat,0.20175151526927948,0.03660789504647255,80.0,80.0,86.66666666666667,90.0,100.0
607,cat,cat,bird,0.605354905128479,0.15820682048797607,80.0,100.0,86.66666666666667,85.0,92.0
608,cat,cat,cat,0.0,0.0,100.0,100.0,100.0,100.0,100.0
609,truck,truck,truck,0.0,0.0,100.0,100.0,100.0,100.0,100.0
610,frog,frog,cat,0.2223522663116455,0.04265129566192627,80.0,100.0,93.33333333333333,95.0,98.0
611,truck,truck,truck,0.14160940051078796,0.04839698597788811,100.0,100.0,86.66666666666667,100.0,100.0
612,ship,ship,airplane,0.136395663022995,0.043030381202697754,100.0,100.0,100.0,100.0,96.0
613,ship,ship,airplane,0.4548414647579193,0.1703551858663559,80.0,90.0,100.0,95.0,96.0
614,dog,dog,dog,0.0,0.0,100.0,100.0,100.0,100.0,100.0
615,ship,ship,ship,0.0,0.0,100.0,100.0,100.0,100.0,100.0
616,frog,frog,frog,0.0,0.0,100.0,100.0,100.0,100.0,100.0
617,frog,frog,frog,0.0,0.0,100.0,100.0,100.0,100.0,100.0
618,bird,bird,cat,0.19211868941783905,0.03887222707271576,80.0,90.0,100.0,100.0,98.0
619,automobile,automobile,truck,0.15243281424045563,0.0640951544046402,100.0,90.0,100.0,95.0,94.0
620,horse,horse,horse,0.3305148482322693,0.1243632361292839,80.0,100.0,86.66666666666667,90.0,94.0
621,horse,horse,airplane,0.5073735117912292,0.1845501959323883,100.0,90.0,86.66666666666667,80.0,92.0
622,automobile,automobile,automobile,0.0,0.0,100.0,100.0,100.0,100.0,100.0
623,bird,bird,bird,0.0,0.0,100.0,100.0,100.0,100.0,100.0
624,horse,horse,deer,0.21929515898227692,0.038959845900535583,100.0,90.0,100.0,100.0,98.0
625,truck,truck,truck,0.0,0.0,100.0,100.0,100.0,100.0,100.0
626,truck,truck,truck,0.0,0.0,100.0,100.0,100.0,100.0,100.0
627,deer,deer,deer,0.0,0.0,100.0,100.0,100.0,100.0,100.0
628,deer,deer,deer,0.0,0.0,100.0,100.0,100.0,100.0,100.0
629,automobile,automobile,automobile,0.0,0.0,100.0,100.0,100.0,100.0,100.0
630,bird,bird,deer,0.14850592613220215,0.0584716796875,100.0,90.0,100.0,95.0,98.0
631,dog,bird,bird,0.0,0.0,100.0,100.0,100.0,100.0,100.0
632,frog,cat,cat,0.0,0.0,100.0,100.0,100.0,100.0,100.0
633,ship,ship,airplane,0.31396380066871643,0.09148141741752625,80.0,70.0,86.66666666666667,95.0,98.0
634,horse,horse,deer,0.22925527393817902,0.04174569249153137,100.0,80.0,86.66666666666667,95.0,98.0
635,frog,frog,frog,0.0,0.0,100.0,100.0,100.0,100.0,100.0
636,ship,ship,ship,0.0,0.0,100.0,100.0,100.0,100.0,100.0
637,cat,cat,frog,0.4623900353908539,0.11035043001174927,80.0,90.0,93.33333333333333,95.0,94.0
638,airplane,airplane,airplane,0.0,0.0,100.0,100.0,100.0,100.0,100.0
639,dog,horse,horse,0.0,0.0,100.0,100.0,100.0,100.0,100.0
640,dog,cat,cat,0.2966401278972626,0.0783325731754303,80.0,100.0,93.33333333333333,90.0,98.0
641,cat,frog,frog,0.0,0.0,100.0,100.0,100.0,100.0,100.0
642,airplane,airplane,airplane,0.0,0.0,100.0,100.0,100.0,100.0,100.0
643,horse,horse,horse,0.0,0.0,100.0,100.0,100.0,100.0,100.0
644,truck,truck,airplane,0.45177319645881653,0.13482458889484406,80.0,90.0,100.0,90.0,96.0
645,automobile,automobile,automobile,0.0,0.0,100.0,100.0,100.0,100.0,100.0
646,cat,cat,frog,0.18603527545928955,0.03915330767631531,80.0,90.0,86.66666666666667,95.0,98.0
647,deer,bird,bird,0.22197185456752777,0.046732693910598755,100.0,100.0,93.33333333333333,100.0,100.0
648,deer,deer,horse,0.209933802485466,0.085805743932724,80.0,90.0,100.0,95.0,98.0
649,dog,horse,horse,0.0,0.0,100.0,100.0,100.0,100.0,100.0
650,cat,cat,cat,0.0,0.0,100.0,100.0,100.0,100.0,100.0
651,truck,truck,truck,0.0,0.0,100.0,100.0,100.0,100.0,100.0
652,dog,dog,dog,0.0,0.0,100.0,100.0,100.0,100.0,100.0
653,frog,frog,frog,0.0,0.0,100.0,100.0,100.0,100.0,100.0
654,truck,truck,truck,0.0,0.0,100.0,100.0,100.0,100.0,100.0
655,bird,bird,bird,0.0,0.0,100.0,100.0,100.0,100.0,100.0
656,automobile,automobile,automobile,0.0,0.0,100.0,100.0,100.0,100.0,100.0
657,automobile,automobile,automobile,0.0,0.0,100.0,100.0,100.0,100.0,100.0
658,deer,cat,cat,0.33135876059532166,0.06187885254621506,60.0,90.0,93.33333333333333,90.0,96.0
659,automobile,automobile,automobile,0.0,0.0,100.0,100.0,100.0,100.0,100.0
660,truck,truck,truck,0.0,0.0,100.0,100.0,100.0,100.0,100.0
661,deer,deer,horse,0.3077118694782257,0.0968741625547409,100.0,100.0,93.33333333333333,95.0,98.0
662,horse,horse,horse,0.0,0.0,100.0,100.0,100.0,100.0,100.0
663,frog,frog,cat,0.326694518327713,0.08757274597883224,80.0,90.0,86.66666666666667,85.0,96.0
664,cat,cat,cat,0.3586631417274475,0.07386374473571777,100.0,80.0,93.33333333333333,90.0,92.0
665,ship,airplane,airplane,0.0,0.0,100.0,100.0,100.0,100.0,100.0
666,truck,truck,truck,0.0,0.0,100.0,100.0,100.0,100.0,100.0
667,airplane,airplane,airplane,0.0,0.0,100.0,100.0,100.0,100.0,100.0
668,automobile,automobile,automobile,0.0,0.0,100.0,100.0,100.0,100.0,100.0
669,cat,cat,bird,0.26041069626808167,0.053380608558654785,80.0,100.0,93.33333333333333,95.0,94.0
670,frog,cat,cat,0.0,0.0,100.0,100.0,100.0,100.0,100.0
671,cat,cat,dog,0.13275964558124542,0.029351532459259033,100.0,90.0,100.0,95.0,98.0
672,frog,airplane,airplane,0.0,0.0,100.0,100.0,100.0,100.0,100.0
673,cat,cat,cat,0.0,0.0,100.0,100.0,100.0,100.0,100.0
674,bird,bird,bird,0.20243798196315765,0.04619801044464111,100.0,90.0,93.33333333333333,95.0,100.0
675,airplane,airplane,airplane,0.18047305941581726,0.06225278973579407,100.0,100.0,86.66666666666667,95.0,96.0
676,cat,cat,cat,0.0,0.0,100.0,100.0,100.0,100.0,100.0
677,automobile,automobile,automobile,0.0,0.0,100.0,100.0,100.0,100.0,100.0
678,airplane,airplane,airplane,0.0,0.0,100.0,100.0,100.0,100.0,100.0
679,dog,cat,cat,0.0,0.0,100.0,100.0,100.0,100.0,100.0
680,truck,truck,automobile,0.1530238687992096,0.044735297560691833,100.0,90.0,93.33333333333333,95.0,98.0
681,frog,frog,frog,0.0,0.0,100.0,100.0,100.0,100.0,100.0
682,deer,deer,cat,0.5067480802536011,0.10694928467273712,80.0,80.0,86.66666666666667,75.0,92.0
683,ship,airplane,airplane,0.2853969931602478,0.06087833642959595,80.0,100.0,93.33333333333333,95.0,96.0
684,truck,truck,truck,0.0,0.0,100.0,100.0,100.0,100.0,100.0
685,frog,frog,frog,0.3430798649787903,0.07161873579025269,100.0,90.0,86.66666666666667,85.0,96.0
686,truck,truck,truck,0.24289333820343018,0.04813241958618164,100.0,100.0,86.66666666666667,100.0,96.0
687,frog,frog,bird,0.2870785892009735,0.056769371032714844,60.0,100.0,86.66666666666667,100.0,98.0
688,cat,cat,frog,0.35615622997283936,0.09360337257385254,100.0,100.0,100.0,95.0,94.0
689,airplane,airplane,truck,0.20384833216667175,0.058782994747161865,100.0,90.0,100.0,90.0,96.0
690,cat,cat,cat,0.0,0.0,100.0,100.0,100.0,100.0,100.0
691,bird,cat,cat,0.468079537153244,0.12431006133556366,100.0,90.0,86.66666666666667,90.0,94.0
692,bird,airplane,airplane,0.0,0.0,100.0,100.0,100.0,100.0,100.0
693,horse,horse,horse,0.0,0.0,100.0,100.0,100.0,100.0,100.0
694,ship,ship,ship,0.0,0.0,100.0,100.0,100.0,100.0,100.0
695,cat,cat,cat,0.0,0.0,100.0,100.0,100.0,100.0,100.0
696,ship,airplane,airplane,0.0,0.0,100.0,100.0,100.0,100.0,100.0
697,bird,bird,airplane,0.27107566595077515,0.07369202375411987,100.0,80.0,86.66666666666667,90.0,94.0
698,horse,horse,horse,0.0,0.0,100.0,100.0,100.0,100.0,100.0
699,dog,dog,dog,0.0,0.0,100.0,100.0,100.0,100.0,100.0
700,horse,horse,horse,0.0,0.0,100.0,100.0,100.0,100.0,100.0
701,bird,bird,bird,0.0,0.0,100.0,100.0,100.0,100.0,100.0
702,deer,deer,cat,0.2926337718963623,0.06623455882072449,80.0,90.0,80.0,85.0,96.0
703,ship,ship,ship,0.0,0.0,100.0,100.0,100.0,100.0,100.0
704,horse,cat,cat,0.0,0.0,100.0,100.0,100.0,100.0,100.0
705,deer,deer,cat,0.4825843870639801,0.09666195511817932,80.0,90.0,86.66666666666667,90.0,92.0
706,bird,bird,bird,0.0,0.0,100.0,100.0,100.0,100.0,100.0
707,truck,truck,truck,0.0,0.0,100.0,100.0,100.0,100.0,100.0
708,ship,ship,ship,0.0,0.0,100.0,100.0,100.0,100.0,100.0
709,ship,ship,cat,0.4095515310764313,0.0783839225769043,80.0,70.0,80.0,85.0,92.0
710,frog,frog,bird,0.19999608397483826,0.05425240099430084,100.0,90.0,93.33333333333333,95.0,96.0
711,ship,airplane,airplane,0.0,0.0,100.0,100.0,100.0,100.0,100.0
712,ship,ship,ship,0.0,0.0,100.0,100.0,100.0,100.0,100.0
713,horse,horse,horse,0.0,0.0,100.0,100.0,100.0,100.0,100.0
714,deer,deer,bird,0.5146861672401428,0.18719270825386047,100.0,80.0,93.33333333333333,95.0,94.0
715,cat,cat,dog,0.2789354920387268,0.07140035927295685,80.0,90.0,93.33333333333333,95.0,96.0
716,cat,cat,deer,0.6160337328910828,0.12442529201507568,60.0,70.0,73.33333333333333,80.0,92.0
717,ship,horse,horse,0.0,0.0,100.0,100.0,100.0,100.0,100.0
718,deer,deer,deer,0.0,0.0,100.0,100.0,100.0,100.0,100.0
719,truck,truck,truck,0.0,0.0,100.0,100.0,100.0,100.0,100.0
720,deer,deer,horse,0.23570936918258667,0.059804901480674744,80.0,90.0,93.33333333333333,90.0,96.0
721,ship,ship,ship,0.0,0.0,100.0,100.0,100.0,100.0,100.0
722,ship,ship,ship,0.0,0.0,100.0,100.0,100.0,100.0,100.0
723,automobile,automobile,automobile,0.0,0.0,100.0,100.0,100.0,100.0,100.0
724,ship,ship,airplane,0.24791185557842255,0.0881643295288086,80.0,100.0,100.0,95.0,98.0
725,bird,bird,ship,0.24930483102798462,0.0808468759059906,100.0,90.0,86.66666666666667,90.0,96.0
726,automobile,automobile,automobile,0.0,0.0,100.0,100.0,100.0,100.0,100.0
727,cat,cat,cat,0.0,0.0,100.0,100.0,100.0,100.0,100.0
728,frog,frog,frog,0.13187256455421448,0.024356141686439514,100.0,90.0,100.0,95.0,98.0
729,dog,dog,dog,0.0,0.0,100.0,100.0,100.0,100.0,100.0
730,deer,dog,dog,0.0,0.0,100.0,100.0,100.0,100.0,100.0
731,bird,airplane,airplane,0.0,0.0,100.0,100.0,100.0,100.0,100.0
732,horse,horse,horse,0.0,0.0,100.0,100.0,100.0,100.0,100.0
733,truck,truck,truck,0.0,0.0,100.0,100.0,100.0,100.0,100.0
734,truck,automobile,automobile,0.0,0.0,100.0,100.0,100.0,100.0,100.0
735,deer,bird,bird,0.0,0.0,100.0,100.0,100.0,100.0,100.0
736,automobile,automobile,truck,0.1515575647354126,0.0337279736995697,80.0,90.0,93.33333333333333,95.0,94.0
737,deer,airplane,airplane,0.0,0.0,100.0,100.0,100.0,100.0,100.0
738,automobile,automobile,automobile,0.0,0.0,100.0,100.0,100.0,100.0,100.0
739,cat,cat,cat,0.4111427366733551,0.13397230207920074,100.0,90.0,86.66666666666667,95.0,94.0
740,bird,bird,bird,0.0,0.0,100.0,100.0,100.0,100.0,100.0
741,horse,horse,deer,0.10318755358457565,0.03075021505355835,100.0,90.0,93.33333333333333,100.0,96.0
742,airplane,airplane,airplane,0.0,0.0,100.0,100.0,100.0,100.0,100.0
743,horse,horse,horse,0.0,0.0,100.0,100.0,100.0,100.0,100.0
744,truck,truck,truck,0.0,0.0,100.0,100.0,100.0,100.0,100.0
745,horse,horse,horse,0.0,0.0,100.0,100.0,100.0,100.0,100.0
746,frog,cat,cat,0.0,0.0,100.0,100.0,100.0,100.0,100.0
747,frog,frog,frog,0.0,0.0,100.0,100.0,100.0,100.0,100.0
748,bird,bird,bird,0.0,0.0,100.0,100.0,100.0,100.0,100.0
749,dog,cat,cat,0.0,0.0,100.0,100.0,100.0,100.0,100.0
750,truck,truck,truck,0.0,0.0,100.0,100.0,100.0,100.0,100.0
751,bird,airplane,airplane,0.0,0.0,100.0,100.0,100.0,100.0,100.0
752,truck,truck,truck,0.0,0.0,100.0,100.0,100.0,100.0,100.0
753,automobile,automobile,truck,0.17606522142887115,0.036835551261901855,100.0,90.0,93.33333333333333,95.0,96.0
754,bird,bird,bird,0.0,0.0,100.0,100.0,100.0,100.0,100.0
755,bird,bird,bird,0.0,0.0,100.0,100.0,100.0,100.0,100.0
756,frog,frog,frog,0.0,0.0,100.0,100.0,100.0,100.0,100.0
757,ship,ship,ship,0.0,0.0,100.0,100.0,100.0,100.0,100.0
758,bird,bird,bird,0.0,0.0,100.0,100.0,100.0,100.0,100.0
759,automobile,automobile,automobile,0.0,0.0,100.0,100.0,100.0,100.0,100.0
760,cat,cat,cat,0.0,0.0,100.0,100.0,100.0,100.0,100.0
761,frog,frog,frog,0.0,0.0,100.0,100.0,100.0,100.0,100.0
762,frog,frog,bird,0.19400328397750854,0.04667907953262329,100.0,100.0,100.0,95.0,96.0
763,airplane,airplane,airplane,0.0,0.0,100.0,100.0,100.0,100.0,100.0
764,automobile,automobile,automobile,0.0,0.0,100.0,100.0,100.0,100.0,100.0
765,bird,bird,bird,0.0,0.0,100.0,100.0,100.0,100.0,100.0
766,horse,horse,horse,0.0,0.0,100.0,100.0,100.0,100.0,100.0
767,airplane,airplane,ship,0.2115837037563324,0.07628130912780762,100.0,100.0,100.0,100.0,96.0
768,dog,dog,dog,0.0,0.0,100.0,100.0,100.0,100.0,100.0
769,deer,airplane,airplane,0.0,0.0,100.0,100.0,100.0,100.0,100.0
770,frog,frog,frog,0.14584767818450928,0.032066091895103455,100.0,100.0,93.33333333333333,90.0,100.0
771,automobile,automobile,truck,0.17385615408420563,0.05742020532488823,100.0,100.0,93.33333333333333,100.0,92.0
772,frog,frog,frog,0.0,0.0,100.0,100.0,100.0,100.0,100.0
773,deer,frog,frog,0.0,0.0,100.0,100.0,100.0,100.0,100.0
774,airplane,airplane,airplane,0.0,0.0,100.0,100.0,100.0,100.0,100.0
775,bird,bird,frog,0.08375252783298492,0.023405112326145172,100.0,100.0,100.0,95.0,98.0
776,bird,bird,bird,0.0,0.0,100.0,100.0,100.0,100.0,100.0
777,frog,frog,frog,0.0,0.0,100.0,100.0,100.0,100.0,100.0
778,airplane,airplane,bird,0.26044023036956787,0.054343461990356445,80.0,90.0,86.66666666666667,90.0,96.0
779,dog,frog,frog,0.0,0.0,100.0,100.0,100.0,100.0,100.0
780,truck,truck,truck,0.0,0.0,100.0,100.0,100.0,100.0,100.0
781,automobile,automobile,automobile,0.0,0.0,100.0,100.0,100.0,100.0,100.0
782,horse,horse,horse,0.0,0.0,100.0,100.0,100.0,100.0,100.0
783,frog,frog,frog,0.0,0.0,100.0,100.0,100.0,100.0,100.0
784,horse,horse,horse,0.1830512285232544,0.039761945605278015,100.0,80.0,93.33333333333333,90.0,98.0
785,airplane,airplane,airplane,0.0,0.0,100.0,100.0,100.0,100.0,100.0
786,cat,cat,cat,0.0,0.0,100.0,100.0,100.0,100.0,100.0
787,truck,truck,truck,0.0,0.0,100.0,100.0,100.0,100.0,100.0
788,frog,frog,deer,0.24534937739372253,0.052239418029785156,100.0,100.0,93.33333333333333,100.0,90.0
789,ship,ship,ship,0.0,0.0,100.0,100.0,100.0,100.0,100.0
790,cat,cat,cat,0.3714908957481384,0.0632980614900589,60.0,90.0,86.66666666666667,85.0,96.0
791,airplane,airplane,airplane,0.0,0.0,100.0,100.0,100.0,100.0,100.0
792,cat,cat,cat,0.5550969243049622,0.15226885676383972,60.0,90.0,80.0,95.0,90.0
793,deer,deer,bird,0.3257288336753845,0.06621211022138596,60.0,90.0,86.66666666666667,100.0,96.0
794,horse,horse,horse,0.0,0.0,100.0,100.0,100.0,100.0,100.0
795,horse,horse,horse,0.0,0.0,100.0,100.0,100.0,100.0,100.0
796,automobile,truck,truck,0.0,0.0,100.0,100.0,100.0,100.0,100.0
797,deer,deer,deer,0.0,0.0,100.0,100.0,100.0,100.0,100.0
798,horse,cat,cat,0.0,0.0,100.0,100.0,100.0,100.0,100.0
799,bird,bird,bird,0.0,0.0,100.0,100.0,100.0,100.0,100.0
800,horse,horse,horse,0.0,0.0,100.0,100.0,100.0,100.0,100.0
801,automobile,automobile,automobile,0.0,0.0,100.0,100.0,100.0,100.0,100.0
802,deer,deer,deer,0.0,0.0,100.0,100.0,100.0,100.0,100.0
803,horse,horse,deer,0.20165668427944183,0.05131798982620239,100.0,90.0,100.0,100.0,96.0
804,deer,deer,horse,0.38421955704689026,0.17126981914043427,80.0,90.0,80.0,90.0,96.0
805,deer,deer,frog,0.2698628902435303,0.06155386567115784,80.0,100.0,93.33333333333333,95.0,98.0
806,ship,ship,ship,0.0,0.0,100.0,100.0,100.0,100.0,100.0
807,deer,frog,frog,0.0,0.0,100.0,100.0,100.0,100.0,100.0
808,horse,horse,airplane,0.24290511012077332,0.10578376054763794,100.0,80.0,86.66666666666667,90.0,98.0
809,horse,horse,ship,0.4047015309333801,0.08633428812026978,100.0,90.0,80.0,80.0,94.0
810,dog,cat,cat,0.0,0.0,100.0,100.0,100.0,100.0,100.0
811,cat,dog,dog,0.0,0.0,100.0,100.0,100.0,100.0,100.0
812,horse,horse,deer,0.2905777096748352,0.11817918717861176,100.0,100.0,93.33333333333333,90.0,94.0
813,bird,bird,bird,0.0,0.0,100.0,100.0,100.0,100.0,100.0
814,airplane,truck,truck,0.0,0.0,100.0,100.0,100.0,100.0,100.0
815,ship,ship,ship,0.0,0.0,100.0,100.0,100.0,100.0,100.0
816,truck,truck,truck,0.0,0.0,100.0,100.0,100.0,100.0,100.0
817,dog,cat,cat,0.35709095001220703,0.10870733112096786,80.0,80.0,93.33333333333333,90.0,98.0
818,ship,ship,truck,0.2563965320587158,0.08034983277320862,100.0,100.0,86.66666666666667,95.0,100.0
819,cat,cat,cat,0.0,0.0,100.0,100.0,100.0,100.0,100.0
820,frog,frog,frog,0.13617271184921265,0.033657293766736984,100.0,100.0,100.0,95.0,98.0
821,bird,bird,airplane,0.4215428829193115,0.15821874141693115,80.0,100.0,93.33333333333333,95.0,94.0
822,airplane,airplane,airplane,0.16411042213439941,0.027340352535247803,100.0,90.0,93.33333333333333,95.0,96.0
823,ship,ship,ship,0.0,0.0,100.0,100.0,100.0,100.0,100.0
824,horse,horse,horse,0.0,0.0,100.0,100.0,100.0,100.0,100.0
825,cat,cat,cat,0.0,0.0,100.0,100.0,100.0,100.0,100.0
826,horse,horse,horse,0.4513455629348755,0.1520448923110962,60.0,90.0,86.66666666666667,85.0,94.0
827,frog,frog,frog,0.0,0.0,100.0,100.0,100.0,100.0,100.0
828,dog,cat,cat,0.0,0.0,100.0,100.0,100.0,100.0,100.0
829,cat,cat,frog,0.2358429878950119,0.06425400823354721,80.0,100.0,93.33333333333333,90.0,94.0
830,automobile,automobile,automobile,0.0,0.0,100.0,100.0,100.0,100.0,100.0
831,cat,cat,cat,0.2426958978176117,0.047204166650772095,80.0,90.0,93.33333333333333,95.0,96.0
832,bird,bird,bird,0.0,0.0,100.0,100.0,100.0,100.0,100.0
833,bird,cat,cat,0.3244832158088684,0.06448781490325928,100.0,90.0,93.33333333333333,85.0,94.0
834,dog,dog,dog,0.0,0.0,100.0,100.0,100.0,100.0,100.0
835,deer,cat,cat,0.0,0.0,100.0,100.0,100.0,100.0,100.0
836,automobile,automobile,truck,0.30102628469467163,0.04895038902759552,80.0,100.0,93.33333333333333,95.0,94.0
837,bird,cat,cat,0.0,0.0,100.0,100.0,100.0,100.0,100.0
838,truck,truck,truck,0.0,0.0,100.0,100.0,100.0,100.0,100.0
839,bird,bird,bird,0.0,0.0,100.0,100.0,100.0,100.0,100.0
840,horse,horse,horse,0.0,0.0,100.0,100.0,100.0,100.0,100.0
841,airplane,airplane,ship,0.3408348858356476,0.10851936042308807,80.0,90.0,100.0,95.0,98.0
842,horse,horse,horse,0.0,0.0,100.0,100.0,100.0,100.0,100.0
843,bird,bird,bird,0.0,0.0,100.0,100.0,100.0,100.0,100.0
844,automobile,automobile,automobile,0.0,0.0,100.0,100.0,100.0,100.0,100.0
845,cat,cat,frog,0.33304888010025024,0.10449500381946564,100.0,90.0,93.33333333333333,100.0,98.0
846,bird,bird,bird,0.0,0.0,100.0,100.0,100.0,100.0,100.0
847,airplane,airplane,truck,0.25625550746917725,0.08471694588661194,100.0,90.0,93.33333333333333,100.0,96.0
848,bird,bird,bird,0.0,0.0,100.0,100.0,100.0,100.0,100.0
849,deer,deer,airplane,0.4064428508281708,0.0844220519065857,80.0,100.0,93.33333333333333,95.0,96.0
850,horse,cat,cat,0.0,0.0,100.0,100.0,100.0,100.0,100.0
851,truck,truck,truck,0.2507273852825165,0.09253527224063873,80.0,100.0,93.33333333333333,85.0,96.0
852,ship,ship,airplane,0.10974624007940292,0.03735530376434326,100.0,90.0,93.33333333333333,100.0,98.0
853,truck,automobile,automobile,0.0,0.0,100.0,100.0,100.0,100.0,100.0
854,airplane,airplane,airplane,0.0,0.0,100.0,100.0,100.0,100.0,100.0
855,horse,horse,horse,0.0,0.0,100.0,100.0,100.0,100.0,100.0
856,horse,horse,horse,0.0,0.0,100.0,100.0,100.0,100.0,100.0
857,airplane,airplane,bird,0.2538145184516907,0.052092622965574265,100.0,100.0,93.33333333333333,90.0,92.0
858,horse,horse,horse,0.0,0.0,100.0,100.0,100.0,100.0,100.0
859,ship,ship,ship,0.0,0.0,100.0,100.0,100.0,100.0,100.0
860,deer,deer,deer,0.0,0.0,100.0,100.0,100.0,100.0,100.0
861,frog,frog,frog,0.0,0.0,100.0,100.0,100.0,100.0,100.0
862,cat,frog,frog,0.0,0.0,100.0,100.0,100.0,100.0,100.0
863,cat,cat,dog,0.15970490872859955,0.029785707592964172,100.0,90.0,100.0,95.0,100.0
864,airplane,airplane,airplane,0.0,0.0,100.0,100.0,100.0,100.0,100.0
865,automobile,automobile,automobile,0.0,0.0,100.0,100.0,100.0,100.0,100.0
866,cat,cat,cat,0.0,0.0,100.0,100.0,100.0,100.0,100.0
867,horse,horse,horse,0.0,0.0,100.0,100.0,100.0,100.0,100.0
868,airplane,airplane,airplane,0.0,0.0,100.0,100.0,100.0,100.0,100.0
869,automobile,automobile,automobile,0.0,0.0,100.0,100.0,100.0,100.0,100.0
870,cat,cat,bird,0.17766200006008148,0.040198780596256256,80.0,100.0,100.0,95.0,96.0
871,automobile,automobile,automobile,0.0,0.0,100.0,100.0,100.0,100.0,100.0
872,deer,deer,cat,0.361301064491272,0.07117463648319244,100.0,90.0,93.33333333333333,95.0,96.0
873,bird,bird,bird,0.0,0.0,100.0,100.0,100.0,100.0,100.0
874,cat,cat,cat,0.0,0.0,100.0,100.0,100.0,100.0,100.0
875,ship,airplane,airplane,0.30675768852233887,0.06750786304473877,80.0,100.0,86.66666666666667,95.0,96.0
876,deer,deer,deer,0.0,0.0,100.0,100.0,100.0,100.0,100.0
877,bird,cat,cat,0.2661040127277374,0.072060227394104,100.0,100.0,93.33333333333333,85.0,98.0
878,cat,cat,cat,0.31547361612319946,0.09189683198928833,100.0,100.0,93.33333333333333,95.0,96.0
879,horse,horse,horse,0.0,0.0,100.0,100.0,100.0,100.0,100.0
880,ship,ship,ship,0.0,0.0,100.0,100.0,100.0,100.0,100.0
881,deer,deer,deer,0.0,0.0,100.0,100.0,100.0,100.0,100.0
882,cat,bird,bird,0.0,0.0,100.0,100.0,100.0,100.0,100.0
883,airplane,airplane,bird,0.10061165690422058,0.020263105630874634,100.0,100.0,93.33333333333333,95.0,98.0
884,truck,truck,truck,0.0,0.0,100.0,100.0,100.0,100.0,100.0
885,airplane,airplane,airplane,0.0,0.0,100.0,100.0,100.0,100.0,100.0
886,airplane,airplane,airplane,0.0,0.0,100.0,100.0,100.0,100.0,100.0
887,automobile,automobile,ship,0.41585463285446167,0.12398872524499893,100.0,80.0,86.66666666666667,85.0,96.0
888,airplane,airplane,airplane,0.3628528416156769,0.15073928236961365,100.0,100.0,86.66666666666667,85.0,94.0
889,deer,frog,frog,0.0,0.0,100.0,100.0,100.0,100.0,100.0
890,deer,deer,frog,0.1690535843372345,0.03343028575181961,100.0,90.0,93.33333333333333,90.0,96.0
891,frog,frog,frog,0.0,0.0,100.0,100.0,100.0,100.0,100.0
892,horse,cat,cat,0.0,0.0,100.0,100.0,100.0,100.0,100.0
893,frog,cat,cat,0.0,0.0,100.0,100.0,100.0,100.0,100.0
894,automobile,automobile,automobile,0.0,0.0,100.0,100.0,100.0,100.0,100.0
895,automobile,truck,truck,0.0,0.0,100.0,100.0,100.0,100.0,100.0
896,cat,cat,cat,0.0,0.0,100.0,100.0,100.0,100.0,100.0
897,horse,horse,deer,0.2774721086025238,0.07179190218448639,100.0,90.0,93.33333333333333,90.0,90.0
898,cat,airplane,airplane,0.0,0.0,100.0,100.0,100.0,100.0,100.0
899,dog,cat,cat,0.0,0.0,100.0,100.0,100.0,100.0,100.0
900,bird,bird,frog,0.30582162737846375,0.12284807860851288,80.0,80.0,86.66666666666667,95.0,98.0
901,frog,cat,cat,0.27893581986427307,0.05870524048805237,100.0,80.0,86.66666666666667,80.0,96.0
902,frog,frog,frog,0.0,0.0,100.0,100.0,100.0,100.0,100.0
903,dog,dog,dog,0.0,0.0,100.0,100.0,100.0,100.0,100.0
904,ship,ship,airplane,0.2690190076828003,0.08720439672470093,80.0,100.0,86.66666666666667,95.0,98.0
905,horse,horse,airplane,0.4926137626171112,0.08945798128843307,80.0,90.0,80.0,75.0,92.0
906,automobile,automobile,automobile,0.0,0.0,100.0,100.0,100.0,100.0,100.0
907,frog,frog,frog,0.0,0.0,100.0,100.0,100.0,100.0,100.0
908,ship,ship,ship,0.0,0.0,100.0,100.0,100.0,100.0,100.0
909,ship,ship,ship,0.0,0.0,100.0,100.0,100.0,100.0,100.0
910,dog,frog,frog,0.0,0.0,100.0,100.0,100.0,100.0,100.0
911,cat,cat,cat,0.0,0.0,100.0,100.0,100.0,100.0,100.0
912,airplane,airplane,airplane,0.0,0.0,100.0,100.0,100.0,100.0,100.0
913,deer,deer,deer,0.0,0.0,100.0,100.0,100.0,100.0,100.0
914,airplane,airplane,airplane,0.42591285705566406,0.1126289814710617,100.0,80.0,86.66666666666667,90.0,94.0
915,automobile,automobile,automobile,0.0,0.0,100.0,100.0,100.0,100.0,100.0
916,cat,cat,bird,0.4794009327888489,0.08790327608585358,80.0,60.0,80.0,85.0,90.0
917,ship,ship,ship,0.0,0.0,100.0,100.0,100.0,100.0,100.0
918,ship,ship,ship,0.0,0.0,100.0,100.0,100.0,100.0,100.0
919,airplane,airplane,airplane,0.0,0.0,100.0,100.0,100.0,100.0,100.0
920,frog,frog,frog,0.0,0.0,100.0,100.0,100.0,100.0,100.0
921,truck,truck,truck,0.0,0.0,100.0,100.0,100.0,100.0,100.0
922,truck,truck,truck,0.0,0.0,100.0,100.0,100.0,100.0,100.0
923,truck,truck,truck,0.4709659218788147,0.11203110218048096,100.0,90.0,86.66666666666667,90.0,94.0
924,dog,cat,cat,0.0,0.0,100.0,100.0,100.0,100.0,100.0
925,dog,dog,dog,0.0,0.0,100.0,100.0,100.0,100.0,100.0
926,ship,ship,ship,0.0,0.0,100.0,100.0,100.0,100.0,100.0
927,frog,frog,frog,0.0,0.0,100.0,100.0,100.0,100.0,100.0
928,airplane,airplane,airplane,0.0,0.0,100.0,100.0,100.0,100.0,100.0
929,airplane,airplane,airplane,0.0,0.0,100.0,100.0,100.0,100.0,100.0
930,deer,deer,deer,0.0,0.0,100.0,100.0,100.0,100.0,100.0
931,bird,bird,bird,0.0,0.0,100.0,100.0,100.0,100.0,100.0
932,cat,cat,horse,0.19618335366249084,0.03455117344856262,100.0,90.0,86.66666666666667,95.0,96.0
933,bird,cat,cat,0.0,0.0,100.0,100.0,100.0,100.0,100.0
934,horse,horse,horse,0.0,0.0,100.0,100.0,100.0,100.0,100.0
935,bird,bird,cat,0.36633074283599854,0.1292368769645691,60.0,100.0,93.33333333333333,95.0,94.0
936,bird,bird,bird,0.0,0.0,100.0,100.0,100.0,100.0,100.0
937,dog,dog,dog,0.0,0.0,100.0,100.0,100.0,100.0,100.0
938,truck,automobile,automobile,0.0,0.0,100.0,100.0,100.0,100.0,100.0
939,ship,ship,ship,0.0,0.0,100.0,100.0,100.0,100.0,100.0
940,truck,truck,truck,0.0,0.0,100.0,100.0,100.0,100.0,100.0
941,automobile,automobile,automobile,0.0,0.0,100.0,100.0,100.0,100.0,100.0
942,horse,horse,horse,0.0,0.0,100.0,100.0,100.0,100.0,100.0
943,deer,frog,frog,0.0,0.0,100.0,100.0,100.0,100.0,100.0
944,airplane,airplane,airplane,0.0,0.0,100.0,100.0,100.0,100.0,100.0
945,cat,cat,horse,0.1991148144006729,0.04227247089147568,100.0,100.0,93.33333333333333,95.0,96.0
946,airplane,airplane,airplane,0.0,0.0,100.0,100.0,100.0,100.0,100.0
947,automobile,automobile,automobile,0.0,0.0,100.0,100.0,100.0,100.0,100.0
948,cat,cat,cat,0.15248389542102814,0.03218838572502136,80.0,80.0,80.0,90.0,96.0
949,ship,ship,ship,0.0,0.0,100.0,100.0,100.0,100.0,100.0
950,cat,cat,cat,0.0,0.0,100.0,100.0,100.0,100.0,100.0
951,truck,truck,truck,0.0,0.0,100.0,100.0,100.0,100.0,100.0
952,frog,frog,bird,0.1216992661356926,0.028220895677804947,100.0,90.0,93.33333333333333,100.0,98.0
953,automobile,airplane,airplane,0.0,0.0,100.0,100.0,100.0,100.0,100.0
954,deer,deer,deer,0.0,0.0,100.0,100.0,100.0,100.0,100.0
955,horse,horse,horse,0.0,0.0,100.0,100.0,100.0,100.0,100.0
956,airplane,airplane,ship,0.14520561695098877,0.02942032366991043,80.0,100.0,100.0,95.0,96.0
957,cat,cat,dog,0.34425386786460876,0.07431812584400177,80.0,90.0,86.66666666666667,90.0,98.0
958,horse,horse,horse,0.0,0.0,100.0,100.0,100.0,100.0,100.0
959,ship,ship,ship,0.0,0.0,100.0,100.0,100.0,100.0,100.0
960,truck,truck,truck,0.0,0.0,100.0,100.0,100.0,100.0,100.0
961,automobile,automobile,automobile,0.0,0.0,100.0,100.0,100.0,100.0,100.0
962,automobile,automobile,airplane,0.35637062788009644,0.11373293399810791,80.0,100.0,86.66666666666667,100.0,92.0
963,frog,frog,frog,0.0,0.0,100.0,100.0,100.0,100.0,100.0
964,frog,frog,frog,0.25343436002731323,0.06520673632621765,100.0,90.0,93.33333333333333,95.0,98.0
965,frog,frog,bird,0.2856908142566681,0.05473911762237549,80.0,90.0,93.33333333333333,95.0,96.0
966,frog,frog,cat,0.1883266121149063,0.04849079251289368,100.0,90.0,100.0,90.0,98.0
967,truck,truck,truck,0.0,0.0,100.0,100.0,100.0,100.0,100.0
968,automobile,automobile,automobile,0.0,0.0,100.0,100.0,100.0,100.0,100.0
969,truck,truck,truck,0.0,0.0,100.0,100.0,100.0,100.0,100.0
970,truck,truck,truck,0.2325587272644043,0.04950854927301407,80.0,90.0,93.33333333333333,90.0,96.0
971,deer,deer,deer,0.0,0.0,100.0,100.0,100.0,100.0,100.0
972,bird,bird,cat,0.2465326189994812,0.08190018683671951,100.0,90.0,93.33333333333333,100.0,94.0
973,automobile,automobile,automobile,0.0,0.0,100.0,100.0,100.0,100.0,100.0
974,horse,horse,bird,0.25574254989624023,0.10804125666618347,80.0,90.0,93.33333333333333,90.0,96.0
975,airplane,airplane,airplane,0.0,0.0,100.0,100.0,100.0,100.0,100.0
976,frog,frog,cat,0.11097219586372375,0.02133464813232422,100.0,100.0,100.0,90.0,98.0
977,ship,ship,ship,0.0,0.0,100.0,100.0,100.0,100.0,100.0
978,automobile,automobile,automobile,0.0,0.0,100.0,100.0,100.0,100.0,100.0
979,truck,truck,truck,0.0,0.0,100.0,100.0,100.0,100.0,100.0
980,bird,bird,bird,0.0,0.0,100.0,100.0,100.0,100.0,100.0
981,truck,truck,truck,0.0,0.0,100.0,100.0,100.0,100.0,100.0
982,airplane,airplane,cat,0.37835216522216797,0.09096783399581909,100.0,80.0,86.66666666666667,90.0,94.0
983,deer,deer,deer,0.0,0.0,100.0,100.0,100.0,100.0,100.0
984,horse,horse,horse,0.0,0.0,100.0,100.0,100.0,100.0,100.0
985,ship,ship,ship,0.0,0.0,100.0,100.0,100.0,100.0,100.0
986,cat,cat,cat,0.18759140372276306,0.03982767462730408,100.0,80.0,93.33333333333333,95.0,98.0
987,automobile,automobile,automobile,0.0,0.0,100.0,100.0,100.0,100.0,100.0
988,bird,bird,bird,0.0,0.0,100.0,100.0,100.0,100.0,100.0
989,airplane,airplane,airplane,0.0,0.0,100.0,100.0,100.0,100.0,100.0
990,automobile,automobile,automobile,0.0,0.0,100.0,100.0,100.0,100.0,100.0
991,dog,dog,dog,0.0,0.0,100.0,100.0,100.0,100.0,100.0
992,ship,ship,ship,0.0,0.0,100.0,100.0,100.0,100.0,100.0
993,deer,deer,horse,0.2449854165315628,0.09853886067867279,100.0,80.0,93.33333333333333,90.0,94.0
994,frog,frog,frog,0.0,0.0,100.0,100.0,100.0,100.0,100.0
995,cat,cat,cat,0.0,0.0,100.0,100.0,100.0,100.0,100.0
996,ship,ship,airplane,0.38968217372894287,0.12135948240756989,100.0,90.0,86.66666666666667,95.0,94.0
997,automobile,automobile,automobile,0.0,0.0,100.0,100.0,100.0,100.0,100.0
998,cat,cat,cat,0.0,0.0,100.0,100.0,100.0,100.0,100.0
999,ship,ship,ship,0.0,0.0,100.0,100.0,100.0,100.0,100.0
