Image Index,Correct,Predicted Orig,Predicted Adv,Top-5,Top-10,Top-15,Top-20,Top-50
0,cat,cat,frog,100.0,80.0,93.33333333333333,100.0,94.0
1,ship,airplane,airplane,60.0,100.0,93.33333333333333,95.0,94.0
2,ship,ship,automobile,60.0,80.0,80.0,80.0,92.0
3,airplane,airplane,airplane,100.0,100.0,100.0,100.0,100.0
4,frog,frog,deer,100.0,90.0,100.0,95.0,94.0
5,frog,frog,cat,80.0,90.0,86.66666666666667,95.0,96.0
6,automobile,truck,truck,100.0,100.0,100.0,100.0,100.0
7,frog,frog,truck,100.0,80.0,73.33333333333333,85.0,90.0
8,cat,cat,dog,100.0,80.0,86.66666666666667,95.0,94.0
9,automobile,automobile,truck,60.0,80.0,93.33333333333333,90.0,90.0
10,airplane,airplane,horse,80.0,70.0,80.0,75.0,82.0
11,truck,truck,truck,100.0,100.0,100.0,100.0,100.0
12,dog,dog,horse,80.0,80.0,86.66666666666667,85.0,90.0
13,horse,horse,horse,100.0,100.0,100.0,100.0,100.0
14,truck,truck,truck,100.0,100.0,100.0,100.0,100.0
15,ship,airplane,frog,60.0,90.0,86.66666666666667,90.0,98.0
16,dog,dog,cat,100.0,90.0,86.66666666666667,95.0,94.0
17,horse,horse,truck,60.0,70.0,93.33333333333333,70.0,94.0
18,ship,ship,airplane,80.0,90.0,80.0,95.0,92.0
19,frog,frog,frog,100.0,100.0,100.0,100.0,100.0
20,horse,horse,airplane,60.0,80.0,73.33333333333333,65.0,80.0
21,airplane,airplane,bird,80.0,90.0,93.33333333333333,100.0,98.0
22,deer,airplane,airplane,80.0,60.0,80.0,85.0,94.0
23,truck,truck,truck,100.0,100.0,100.0,100.0,100.0
24,dog,dog,cat,100.0,60.0,73.33333333333333,90.0,94.0
25,bird,bird,cat,80.0,100.0,80.0,85.0,92.0
26,deer,deer,cat,40.0,60.0,66.66666666666666,95.0,92.0
27,airplane,airplane,airplane,100.0,100.0,100.0,100.0,100.0
28,truck,truck,truck,60.0,80.0,86.66666666666667,80.0,88.0
29,frog,frog,cat,80.0,80.0,93.33333333333333,90.0,94.0
30,frog,frog,cat,80.0,90.0,80.0,100.0,98.0
31,dog,dog,frog,100.0,100.0,86.66666666666667,90.0,96.0
32,deer,deer,deer,100.0,100.0,100.0,100.0,100.0
33,dog,cat,cat,100.0,100.0,100.0,100.0,100.0
34,truck,truck,truck,100.0,100.0,100.0,100.0,100.0
35,bird,cat,cat,100.0,100.0,100.0,100.0,100.0
36,deer,deer,horse,80.0,80.0,86.66666666666667,85.0,92.0
37,automobile,truck,truck,100.0,100.0,100.0,100.0,100.0
38,truck,truck,truck,100.0,100.0,100.0,100.0,100.0
39,dog,dog,dog,100.0,100.0,100.0,100.0,100.0
40,deer,deer,airplane,80.0,80.0,86.66666666666667,95.0,94.0
41,frog,frog,frog,100.0,100.0,100.0,100.0,100.0
42,dog,cat,cat,80.0,100.0,93.33333333333333,85.0,98.0
43,frog,frog,cat,100.0,90.0,100.0,85.0,96.0
44,airplane,airplane,airplane,100.0,100.0,100.0,100.0,100.0
45,truck,truck,automobile,100.0,80.0,93.33333333333333,90.0,94.0
46,cat,cat,deer,80.0,80.0,86.66666666666667,90.0,90.0
47,truck,truck,airplane,80.0,90.0,93.33333333333333,95.0,98.0
48,horse,horse,deer,80.0,90.0,86.66666666666667,80.0,96.0
49,frog,frog,bird,80.0,90.0,93.33333333333333,90.0,98.0
50,truck,truck,airplane,80.0,90.0,93.33333333333333,95.0,96.0
51,ship,ship,ship,100.0,100.0,100.0,100.0,100.0
52,airplane,airplane,airplane,100.0,100.0,100.0,100.0,100.0
53,cat,frog,frog,100.0,100.0,100.0,100.0,100.0
54,ship,ship,airplane,80.0,90.0,86.66666666666667,95.0,96.0
55,ship,ship,bird,80.0,90.0,86.66666666666667,75.0,88.0
56,horse,horse,horse,100.0,90.0,86.66666666666667,90.0,94.0
57,horse,horse,cat,100.0,70.0,100.0,85.0,90.0
58,deer,horse,horse,100.0,100.0,100.0,100.0,100.0
59,frog,cat,cat,100.0,100.0,100.0,100.0,100.0
60,horse,horse,deer,100.0,90.0,93.33333333333333,95.0,96.0
61,cat,dog,dog,100.0,100.0,100.0,100.0,100.0
62,frog,frog,cat,80.0,90.0,86.66666666666667,95.0,94.0
63,cat,cat,cat,100.0,100.0,100.0,100.0,100.0
64,frog,frog,cat,100.0,90.0,86.66666666666667,90.0,92.0
65,bird,bird,frog,80.0,80.0,80.0,85.0,90.0
66,automobile,automobile,ship,100.0,80.0,73.33333333333333,75.0,92.0
67,bird,bird,bird,100.0,100.0,100.0,100.0,100.0
68,cat,cat,cat,100.0,100.0,100.0,100.0,100.0
69,horse,horse,horse,80.0,90.0,80.0,85.0,94.0
70,bird,airplane,airplane,100.0,100.0,100.0,100.0,100.0
71,frog,frog,cat,100.0,90.0,93.33333333333333,85.0,88.0
72,ship,ship,ship,100.0,100.0,100.0,100.0,100.0
73,ship,ship,airplane,100.0,90.0,100.0,90.0,94.0
74,airplane,truck,truck,100.0,100.0,100.0,100.0,100.0
75,bird,bird,airplane,60.0,70.0,86.66666666666667,90.0,94.0
76,truck,truck,horse,60.0,90.0,86.66666666666667,90.0,92.0
77,cat,cat,cat,100.0,80.0,93.33333333333333,85.0,92.0
78,cat,cat,dog,80.0,90.0,86.66666666666667,85.0,96.0
79,ship,ship,airplane,80.0,90.0,93.33333333333333,95.0,94.0
80,ship,ship,airplane,100.0,90.0,86.66666666666667,90.0,90.0
81,automobile,automobile,truck,80.0,90.0,86.66666666666667,95.0,94.0
82,automobile,automobile,automobile,100.0,100.0,100.0,100.0,100.0
83,horse,airplane,airplane,100.0,100.0,100.0,100.0,100.0
84,bird,bird,cat,80.0,90.0,86.66666666666667,100.0,92.0
85,dog,dog,truck,80.0,90.0,93.33333333333333,100.0,96.0
86,bird,airplane,airplane,100.0,100.0,100.0,100.0,100.0
87,horse,horse,horse,100.0,100.0,100.0,100.0,100.0
88,ship,ship,ship,100.0,100.0,100.0,100.0,100.0
89,truck,truck,airplane,100.0,90.0,80.0,85.0,96.0
90,airplane,airplane,ship,60.0,90.0,93.33333333333333,95.0,90.0
91,cat,cat,frog,60.0,90.0,93.33333333333333,85.0,88.0
92,ship,ship,ship,100.0,100.0,100.0,100.0,100.0
93,frog,frog,frog,100.0,100.0,100.0,100.0,100.0
94,deer,deer,bird,80.0,90.0,80.0,90.0,94.0
95,frog,frog,frog,100.0,90.0,93.33333333333333,95.0,96.0
96,frog,frog,bird,80.0,80.0,86.66666666666667,95.0,98.0
97,airplane,airplane,deer,80.0,100.0,93.33333333333333,85.0,92.0
98,airplane,airplane,airplane,100.0,100.0,100.0,100.0,100.0
99,horse,horse,horse,100.0,100.0,100.0,100.0,100.0
100,deer,bird,bird,100.0,100.0,100.0,100.0,100.0
101,dog,dog,ship,100.0,100.0,86.66666666666667,90.0,96.0
102,frog,frog,cat,80.0,90.0,93.33333333333333,100.0,96.0
103,cat,cat,cat,80.0,70.0,93.33333333333333,80.0,98.0
104,automobile,automobile,automobile,100.0,100.0,100.0,100.0,100.0
105,automobile,automobile,automobile,100.0,100.0,100.0,100.0,100.0
106,cat,cat,cat,80.0,90.0,100.0,100.0,96.0
107,frog,frog,frog,80.0,80.0,93.33333333333333,100.0,96.0
108,ship,ship,ship,100.0,100.0,100.0,100.0,100.0
109,horse,horse,dog,80.0,100.0,93.33333333333333,95.0,96.0
110,deer,deer,frog,80.0,90.0,93.33333333333333,100.0,96.0
111,airplane,airplane,ship,100.0,80.0,80.0,95.0,96.0
112,frog,airplane,airplane,100.0,100.0,100.0,100.0,100.0
113,bird,bird,cat,80.0,70.0,66.66666666666666,70.0,86.0
114,automobile,automobile,truck,100.0,90.0,93.33333333333333,90.0,96.0
115,cat,cat,cat,100.0,100.0,100.0,100.0,100.0
116,airplane,airplane,deer,80.0,90.0,80.0,85.0,96.0
117,deer,horse,horse,100.0,100.0,100.0,100.0,100.0
118,bird,frog,frog,100.0,100.0,100.0,100.0,100.0
119,horse,cat,cat,100.0,90.0,80.0,85.0,90.0
120,ship,airplane,airplane,100.0,100.0,100.0,100.0,100.0
121,cat,cat,dog,80.0,100.0,93.33333333333333,90.0,98.0
122,automobile,automobile,truck,100.0,90.0,86.66666666666667,90.0,96.0
123,bird,bird,airplane,60.0,70.0,93.33333333333333,85.0,98.0
124,ship,ship,airplane,100.0,100.0,86.66666666666667,100.0,100.0
125,airplane,airplane,automobile,80.0,90.0,93.33333333333333,90.0,94.0
126,ship,ship,ship,100.0,100.0,100.0,100.0,100.0
127,cat,cat,horse,100.0,70.0,86.66666666666667,90.0,92.0
128,dog,cat,frog,80.0,70.0,60.0,50.0,82.0
129,bird,bird,deer,20.0,50.0,46.666666666666664,45.0,74.0
130,deer,deer,airplane,20.0,30.0,20.0,30.0,57.99999999999999
131,automobile,automobile,cat,20.0,20.0,33.33333333333333,30.0,52.0
132,ship,ship,frog,20.0,30.0,40.0,55.00000000000001,76.0
133,truck,truck,cat,0.0,20.0,26.666666666666668,40.0,56.00000000000001
134,automobile,automobile,bird,20.0,30.0,33.33333333333333,50.0,60.0
135,bird,bird,dog,60.0,80.0,80.0,85.0,84.0
136,truck,truck,airplane,80.0,70.0,53.333333333333336,55.00000000000001,78.0
137,horse,horse,airplane,20.0,30.0,40.0,45.0,62.0
138,bird,bird,automobile,20.0,40.0,26.666666666666668,35.0,70.0
139,truck,truck,cat,40.0,20.0,40.0,40.0,62.0
140,frog,cat,ship,40.0,30.0,26.666666666666668,25.0,56.00000000000001
141,dog,dog,ship,0.0,10.0,13.333333333333334,25.0,48.0
142,frog,frog,frog,40.0,20.0,20.0,25.0,72.0
143,cat,dog,cat,40.0,60.0,66.66666666666666,60.0,86.0
144,ship,ship,cat,20.0,50.0,60.0,65.0,82.0
145,horse,horse,deer,80.0,50.0,66.66666666666666,65.0,78.0
146,frog,frog,bird,20.0,40.0,53.333333333333336,65.0,72.0
147,bird,dog,automobile,40.0,20.0,33.33333333333333,40.0,66.0
148,dog,cat,deer,40.0,40.0,33.33333333333333,40.0,74.0
149,bird,bird,airplane,40.0,40.0,33.33333333333333,40.0,68.0
150,ship,ship,ship,20.0,30.0,53.333333333333336,60.0,57.99999999999999
151,truck,truck,deer,0.0,20.0,40.0,55.00000000000001,72.0
152,frog,frog,frog,60.0,60.0,80.0,75.0,84.0
153,airplane,airplane,truck,60.0,60.0,66.66666666666666,70.0,72.0
154,airplane,airplane,truck,20.0,50.0,60.0,60.0,90.0
155,dog,frog,airplane,40.0,50.0,60.0,75.0,80.0
156,bird,bird,cat,20.0,30.0,46.666666666666664,70.0,72.0
157,truck,truck,cat,20.0,10.0,40.0,55.00000000000001,72.0
158,dog,cat,airplane,20.0,40.0,60.0,60.0,80.0
159,deer,deer,cat,20.0,40.0,26.666666666666668,25.0,48.0
160,bird,bird,airplane,20.0,20.0,33.33333333333333,60.0,68.0
161,automobile,automobile,ship,80.0,60.0,73.33333333333333,70.0,74.0
162,frog,cat,deer,20.0,30.0,46.666666666666664,45.0,66.0
163,frog,frog,cat,40.0,40.0,60.0,55.00000000000001,74.0
164,ship,airplane,horse,20.0,30.0,40.0,35.0,64.0
165,deer,deer,cat,20.0,20.0,20.0,20.0,56.00000000000001
166,ship,ship,deer,0.0,10.0,26.666666666666668,30.0,50.0
167,deer,frog,cat,40.0,70.0,53.333333333333336,50.0,76.0
168,dog,dog,bird,40.0,40.0,33.33333333333333,40.0,64.0
169,airplane,airplane,horse,20.0,30.0,33.33333333333333,30.0,54.0
170,truck,truck,automobile,60.0,70.0,73.33333333333333,60.0,90.0
171,truck,truck,airplane,80.0,80.0,66.66666666666666,60.0,82.0
172,truck,truck,truck,60.0,60.0,53.333333333333336,55.00000000000001,72.0
173,ship,ship,automobile,40.0,60.0,66.66666666666666,65.0,74.0
174,truck,truck,dog,20.0,10.0,20.0,20.0,57.99999999999999
175,truck,truck,frog,20.0,50.0,33.33333333333333,35.0,68.0
176,cat,cat,airplane,0.0,20.0,33.33333333333333,45.0,57.99999999999999
177,horse,horse,horse,40.0,30.0,40.0,50.0,82.0
178,dog,dog,airplane,20.0,20.0,46.666666666666664,60.0,70.0
179,airplane,airplane,automobile,40.0,60.0,53.333333333333336,70.0,76.0
180,airplane,bird,deer,60.0,50.0,40.0,60.0,72.0
181,dog,dog,airplane,0.0,10.0,20.0,30.0,60.0
182,bird,bird,cat,20.0,40.0,46.666666666666664,50.0,62.0
183,bird,cat,automobile,20.0,40.0,46.666666666666664,65.0,66.0
184,cat,cat,bird,20.0,40.0,40.0,35.0,68.0
185,ship,ship,airplane,20.0,40.0,40.0,50.0,76.0
186,frog,frog,frog,60.0,60.0,60.0,60.0,84.0
187,cat,cat,horse,80.0,50.0,40.0,55.00000000000001,66.0
188,deer,bird,ship,20.0,30.0,33.33333333333333,45.0,72.0
189,airplane,airplane,dog,20.0,30.0,46.666666666666664,55.00000000000001,62.0
190,dog,dog,horse,40.0,60.0,46.666666666666664,55.00000000000001,78.0
191,ship,ship,airplane,20.0,40.0,46.666666666666664,50.0,60.0
192,airplane,airplane,automobile,20.0,40.0,33.33333333333333,55.00000000000001,74.0
193,automobile,automobile,automobile,40.0,60.0,53.333333333333336,70.0,84.0
194,horse,horse,airplane,0.0,0.0,13.333333333333334,20.0,42.0
195,bird,cat,frog,60.0,70.0,66.66666666666666,60.0,74.0
196,ship,ship,cat,20.0,30.0,40.0,40.0,62.0
197,ship,cat,bird,60.0,60.0,60.0,70.0,72.0
198,horse,cat,deer,60.0,40.0,66.66666666666666,70.0,80.0
199,ship,ship,airplane,40.0,30.0,46.666666666666664,60.0,68.0
200,dog,cat,automobile,0.0,40.0,53.333333333333336,50.0,62.0
201,automobile,airplane,truck,80.0,70.0,73.33333333333333,70.0,80.0
202,ship,ship,automobile,40.0,40.0,60.0,55.00000000000001,74.0
203,horse,horse,cat,40.0,30.0,40.0,60.0,70.0
204,automobile,automobile,cat,0.0,20.0,40.0,35.0,57.99999999999999
205,cat,cat,automobile,20.0,40.0,53.333333333333336,45.0,72.0
206,airplane,airplane,bird,60.0,50.0,53.333333333333336,55.00000000000001,78.0
207,dog,dog,airplane,20.0,30.0,26.666666666666668,40.0,70.0
208,horse,horse,deer,40.0,50.0,40.0,50.0,62.0
209,truck,truck,airplane,40.0,60.0,60.0,55.00000000000001,74.0
210,horse,deer,truck,0.0,30.0,40.0,50.0,68.0
211,deer,airplane,automobile,0.0,40.0,40.0,45.0,66.0
212,dog,dog,frog,60.0,80.0,80.0,80.0,76.0
213,truck,truck,truck,20.0,70.0,60.0,60.0,70.0
214,ship,bird,deer,20.0,20.0,26.666666666666668,30.0,56.00000000000001
215,airplane,airplane,deer,20.0,20.0,33.33333333333333,45.0,68.0
216,horse,horse,horse,60.0,70.0,73.33333333333333,75.0,82.0
217,truck,truck,ship,40.0,50.0,60.0,70.0,72.0
218,ship,airplane,dog,40.0,40.0,40.0,55.00000000000001,78.0
219,bird,bird,automobile,0.0,20.0,26.666666666666668,25.0,66.0
220,horse,horse,airplane,20.0,40.0,40.0,35.0,64.0
221,frog,dog,ship,0.0,20.0,33.33333333333333,40.0,62.0
222,truck,truck,automobile,40.0,60.0,53.333333333333336,50.0,76.0
223,deer,horse,bird,40.0,20.0,20.0,30.0,72.0
224,cat,cat,ship,0.0,0.0,40.0,50.0,66.0
225,truck,truck,horse,20.0,40.0,46.666666666666664,45.0,70.0
226,frog,horse,frog,20.0,30.0,40.0,55.00000000000001,82.0
227,deer,deer,dog,60.0,50.0,60.0,70.0,76.0
228,horse,horse,airplane,20.0,40.0,40.0,35.0,64.0
229,frog,cat,truck,20.0,10.0,33.33333333333333,55.00000000000001,62.0
230,dog,dog,cat,40.0,50.0,66.66666666666666,75.0,84.0
231,automobile,automobile,ship,20.0,50.0,53.333333333333336,70.0,66.0
256,cat,cat,frog,40.0,50.0,53.333333333333336,50.0,82.0
257,airplane,airplane,truck,40.0,80.0,73.33333333333333,75.0,80.0
258,airplane,airplane,horse,60.0,40.0,33.33333333333333,30.0,76.0
259,truck,truck,cat,0.0,10.0,40.0,40.0,70.0
260,ship,ship,ship,60.0,60.0,60.0,85.0,86.0
261,automobile,automobile,truck,40.0,80.0,80.0,75.0,80.0
262,dog,dog,cat,60.0,70.0,66.66666666666666,60.0,86.0
263,horse,cat,airplane,20.0,30.0,40.0,50.0,80.0
264,airplane,airplane,bird,20.0,20.0,20.0,30.0,56.00000000000001
265,ship,ship,bird,20.0,20.0,20.0,25.0,57.99999999999999
266,bird,bird,ship,60.0,30.0,53.333333333333336,65.0,82.0
267,deer,deer,horse,40.0,40.0,46.666666666666664,55.00000000000001,72.0
268,horse,horse,airplane,0.0,30.0,33.33333333333333,35.0,60.0
269,airplane,airplane,cat,60.0,70.0,66.66666666666666,70.0,84.0
270,bird,bird,ship,20.0,30.0,40.0,40.0,68.0
271,cat,cat,airplane,20.0,10.0,40.0,40.0,57.99999999999999
272,frog,frog,cat,40.0,60.0,60.0,65.0,86.0
273,cat,cat,deer,20.0,60.0,53.333333333333336,50.0,70.0
274,ship,ship,ship,40.0,70.0,73.33333333333333,80.0,88.0
275,dog,cat,cat,80.0,70.0,80.0,75.0,86.0
276,airplane,airplane,automobile,20.0,60.0,80.0,65.0,74.0
277,cat,cat,dog,20.0,40.0,46.666666666666664,55.00000000000001,76.0
278,deer,deer,bird,40.0,20.0,40.0,30.0,54.0
279,cat,cat,frog,80.0,80.0,80.0,85.0,94.0
280,truck,truck,frog,0.0,0.0,40.0,45.0,62.0
281,airplane,airplane,cat,40.0,40.0,46.666666666666664,70.0,78.0
282,frog,frog,ship,20.0,40.0,53.333333333333336,50.0,62.0
283,automobile,automobile,ship,40.0,60.0,60.0,65.0,78.0
284,airplane,airplane,automobile,40.0,60.0,66.66666666666666,80.0,74.0
285,truck,truck,horse,0.0,10.0,26.666666666666668,35.0,60.0
286,automobile,automobile,bird,20.0,40.0,40.0,70.0,80.0
287,airplane,airplane,dog,0.0,10.0,20.0,20.0,50.0
288,horse,horse,dog,40.0,40.0,40.0,40.0,64.0
289,truck,truck,truck,60.0,70.0,60.0,85.0,92.0
290,automobile,automobile,automobile,40.0,50.0,53.333333333333336,75.0,80.0
291,bird,bird,frog,20.0,30.0,40.0,45.0,64.0
292,frog,frog,frog,60.0,50.0,66.66666666666666,60.0,86.0
293,truck,truck,horse,0.0,20.0,40.0,45.0,62.0
294,cat,cat,bird,20.0,30.0,33.33333333333333,40.0,60.0
295,deer,deer,cat,20.0,20.0,33.33333333333333,40.0,57.99999999999999
296,frog,frog,truck,0.0,0.0,26.666666666666668,30.0,70.0
297,airplane,airplane,cat,20.0,30.0,53.333333333333336,60.0,68.0
298,airplane,airplane,automobile,40.0,40.0,66.66666666666666,65.0,74.0
299,frog,frog,deer,60.0,60.0,66.66666666666666,50.0,88.0
300,frog,frog,cat,40.0,20.0,40.0,50.0,82.0
301,frog,frog,deer,60.0,40.0,46.666666666666664,65.0,88.0
302,cat,cat,dog,60.0,70.0,66.66666666666666,65.0,76.0
303,bird,airplane,bird,40.0,20.0,26.666666666666668,45.0,82.0
304,frog,frog,ship,20.0,20.0,33.33333333333333,35.0,66.0
305,automobile,airplane,deer,0.0,30.0,20.0,20.0,64.0
306,ship,ship,frog,0.0,20.0,53.333333333333336,70.0,76.0
307,bird,bird,cat,60.0,60.0,60.0,60.0,82.0
308,automobile,truck,deer,0.0,20.0,26.666666666666668,35.0,68.0
309,frog,bird,cat,20.0,20.0,33.33333333333333,35.0,57.99999999999999
310,ship,ship,truck,40.0,60.0,53.333333333333336,60.0,70.0
311,frog,frog,cat,80.0,60.0,60.0,60.0,74.0
312,ship,airplane,automobile,40.0,80.0,73.33333333333333,70.0,78.0
313,airplane,bird,bird,20.0,30.0,40.0,45.0,68.0
314,deer,cat,dog,40.0,30.0,40.0,40.0,68.0
315,airplane,airplane,horse,60.0,30.0,53.333333333333336,55.00000000000001,68.0
316,horse,bird,truck,0.0,0.0,13.333333333333334,15.0,56.00000000000001
317,horse,horse,cat,40.0,30.0,33.33333333333333,35.0,70.0
318,dog,dog,cat,80.0,60.0,73.33333333333333,75.0,84.0
319,dog,cat,deer,40.0,20.0,40.0,45.0,62.0
320,cat,cat,airplane,20.0,30.0,40.0,50.0,64.0
321,dog,dog,ship,0.0,20.0,26.666666666666668,20.0,48.0
322,bird,bird,deer,60.0,80.0,86.66666666666667,70.0,82.0
323,cat,cat,bird,40.0,80.0,80.0,70.0,80.0
324,deer,horse,cat,40.0,20.0,26.666666666666668,30.0,70.0
325,automobile,automobile,ship,20.0,40.0,46.666666666666664,45.0,66.0
326,horse,horse,ship,20.0,20.0,40.0,55.00000000000001,64.0
327,dog,dog,airplane,0.0,0.0,13.333333333333334,15.0,46.0
328,deer,deer,airplane,40.0,70.0,60.0,55.00000000000001,82.0
329,frog,frog,airplane,40.0,50.0,53.333333333333336,55.00000000000001,80.0
330,automobile,automobile,frog,20.0,40.0,46.666666666666664,55.00000000000001,80.0
331,truck,truck,frog,0.0,30.0,46.666666666666664,45.0,57.99999999999999
332,cat,cat,ship,0.0,30.0,26.666666666666668,25.0,46.0
333,frog,frog,truck,0.0,20.0,20.0,30.0,50.0
334,frog,frog,frog,20.0,30.0,33.33333333333333,45.0,70.0
335,truck,truck,truck,60.0,90.0,80.0,95.0,88.0
336,cat,cat,deer,60.0,60.0,53.333333333333336,65.0,70.0
337,ship,ship,deer,20.0,30.0,33.33333333333333,40.0,56.00000000000001
338,airplane,airplane,truck,40.0,60.0,53.333333333333336,45.0,76.0
339,horse,horse,airplane,20.0,40.0,33.33333333333333,45.0,66.0
340,bird,frog,deer,60.0,40.0,53.333333333333336,70.0,88.0
341,frog,frog,deer,40.0,30.0,33.33333333333333,55.00000000000001,84.0
342,bird,airplane,horse,40.0,40.0,46.666666666666664,60.0,76.0
343,dog,dog,frog,40.0,50.0,66.66666666666666,50.0,72.0
344,ship,ship,truck,0.0,50.0,46.666666666666664,45.0,64.0
345,dog,dog,cat,60.0,60.0,66.66666666666666,55.00000000000001,74.0
346,deer,horse,airplane,0.0,30.0,53.333333333333336,55.00000000000001,62.0
347,frog,frog,airplane,20.0,40.0,60.0,65.0,74.0
348,ship,ship,automobile,40.0,50.0,53.333333333333336,70.0,76.0
349,truck,truck,frog,20.0,30.0,40.0,50.0,62.0
350,truck,truck,cat,20.0,40.0,46.666666666666664,60.0,62.0
351,automobile,automobile,bird,0.0,10.0,40.0,50.0,56.00000000000001
352,airplane,airplane,cat,0.0,20.0,26.666666666666668,30.0,60.0
353,bird,bird,truck,20.0,30.0,53.333333333333336,60.0,70.0
354,bird,cat,cat,60.0,40.0,53.333333333333336,45.0,70.0
355,horse,deer,automobile,0.0,10.0,33.33333333333333,40.0,72.0
356,cat,cat,airplane,40.0,30.0,26.666666666666668,45.0,76.0
357,bird,bird,airplane,20.0,20.0,26.666666666666668,25.0,62.0
358,ship,ship,cat,20.0,20.0,26.666666666666668,35.0,50.0
359,airplane,airplane,ship,60.0,60.0,53.333333333333336,50.0,72.0
360,truck,truck,frog,40.0,30.0,40.0,55.00000000000001,72.0
361,dog,cat,cat,80.0,50.0,60.0,60.0,80.0
362,ship,ship,deer,80.0,90.0,86.66666666666667,75.0,88.0
363,automobile,automobile,truck,40.0,60.0,80.0,70.0,88.0
364,truck,truck,deer,0.0,0.0,26.666666666666668,30.0,60.0
365,deer,deer,airplane,40.0,50.0,46.666666666666664,45.0,74.0
366,automobile,automobile,automobile,60.0,60.0,73.33333333333333,80.0,80.0
367,cat,cat,bird,60.0,70.0,66.66666666666666,70.0,84.0
368,ship,ship,deer,60.0,50.0,46.666666666666664,55.00000000000001,72.0
369,automobile,automobile,truck,60.0,50.0,66.66666666666666,65.0,80.0
370,deer,airplane,truck,20.0,60.0,60.0,55.00000000000001,80.0
371,horse,horse,deer,40.0,50.0,73.33333333333333,65.0,90.0
372,truck,truck,deer,0.0,10.0,13.333333333333334,15.0,42.0
373,deer,cat,automobile,20.0,30.0,53.333333333333336,55.00000000000001,78.0
374,bird,bird,deer,40.0,30.0,40.0,50.0,72.0
375,horse,horse,bird,40.0,30.0,46.666666666666664,55.00000000000001,74.0
376,airplane,airplane,cat,60.0,40.0,46.666666666666664,60.0,66.0
377,horse,horse,airplane,20.0,20.0,26.666666666666668,30.0,52.0
378,airplane,airplane,deer,40.0,60.0,53.333333333333336,50.0,72.0
379,frog,frog,deer,40.0,40.0,40.0,40.0,66.0
380,frog,frog,truck,20.0,30.0,53.333333333333336,45.0,60.0
381,truck,truck,frog,20.0,20.0,20.0,30.0,66.0
382,airplane,airplane,airplane,40.0,60.0,80.0,70.0,84.0
383,truck,airplane,horse,0.0,20.0,26.666666666666668,35.0,56.00000000000001
384,bird,dog,frog,60.0,40.0,60.0,70.0,76.0
385,ship,airplane,airplane,80.0,60.0,66.66666666666666,70.0,76.0
386,horse,horse,airplane,40.0,40.0,40.0,40.0,64.0
387,bird,bird,automobile,40.0,40.0,46.666666666666664,45.0,76.0
388,bird,cat,ship,40.0,20.0,33.33333333333333,40.0,72.0
389,dog,dog,automobile,20.0,20.0,33.33333333333333,30.0,66.0
390,automobile,automobile,bird,40.0,30.0,46.666666666666664,50.0,80.0
391,bird,bird,cat,20.0,20.0,46.666666666666664,65.0,80.0
392,frog,frog,ship,40.0,20.0,33.33333333333333,45.0,66.0
393,bird,bird,airplane,40.0,40.0,26.666666666666668,30.0,60.0
394,truck,automobile,airplane,0.0,30.0,40.0,50.0,64.0
395,frog,frog,frog,60.0,60.0,46.666666666666664,65.0,84.0
396,bird,bird,dog,60.0,40.0,46.666666666666664,50.0,76.0
397,cat,cat,cat,40.0,60.0,73.33333333333333,75.0,80.0
398,airplane,airplane,horse,20.0,20.0,20.0,20.0,54.0
399,cat,cat,cat,60.0,60.0,46.666666666666664,60.0,72.0
400,truck,truck,cat,0.0,10.0,40.0,45.0,76.0
401,ship,ship,horse,0.0,20.0,33.33333333333333,50.0,62.0
402,horse,horse,truck,20.0,30.0,40.0,45.0,66.0
403,ship,ship,cat,20.0,40.0,33.33333333333333,40.0,68.0
404,ship,ship,automobile,20.0,50.0,73.33333333333333,70.0,74.0
405,deer,frog,cat,20.0,40.0,53.333333333333336,50.0,82.0
406,airplane,airplane,cat,20.0,20.0,26.666666666666668,35.0,54.0
407,automobile,automobile,horse,0.0,10.0,20.0,25.0,52.0
408,ship,ship,airplane,40.0,70.0,73.33333333333333,75.0,74.0
409,bird,bird,airplane,40.0,20.0,53.333333333333336,65.0,78.0
410,horse,horse,cat,40.0,40.0,46.666666666666664,50.0,62.0
411,truck,airplane,automobile,60.0,70.0,73.33333333333333,70.0,66.0
412,cat,cat,truck,0.0,30.0,40.0,45.0,60.0
413,frog,frog,truck,40.0,20.0,26.666666666666668,35.0,66.0
414,automobile,automobile,airplane,0.0,30.0,53.333333333333336,55.00000000000001,76.0
415,truck,truck,bird,20.0,50.0,40.0,35.0,56.00000000000001
416,airplane,airplane,airplane,20.0,40.0,60.0,70.0,84.0
417,horse,horse,truck,0.0,0.0,0.0,20.0,62.0
418,cat,bird,ship,60.0,40.0,53.333333333333336,55.00000000000001,82.0
419,horse,horse,bird,60.0,50.0,60.0,60.0,76.0
420,deer,deer,dog,80.0,60.0,73.33333333333333,70.0,88.0
421,dog,cat,automobile,20.0,30.0,26.666666666666668,35.0,68.0
422,airplane,airplane,dog,0.0,20.0,26.666666666666668,25.0,48.0
423,airplane,airplane,deer,40.0,20.0,33.33333333333333,40.0,76.0
424,bird,bird,frog,20.0,20.0,40.0,45.0,76.0
425,truck,truck,airplane,40.0,50.0,60.0,60.0,72.0
426,cat,cat,airplane,20.0,30.0,46.666666666666664,75.0,74.0
427,deer,bird,cat,40.0,60.0,53.333333333333336,55.00000000000001,78.0
428,airplane,airplane,dog,20.0,20.0,26.666666666666668,30.0,64.0
429,frog,frog,bird,20.0,40.0,46.666666666666664,65.0,78.0
430,bird,bird,dog,40.0,70.0,66.66666666666666,65.0,80.0
431,dog,dog,airplane,20.0,40.0,53.333333333333336,70.0,68.0
432,cat,cat,bird,40.0,80.0,80.0,75.0,80.0
433,horse,horse,airplane,60.0,70.0,66.66666666666666,65.0,78.0
434,cat,cat,truck,20.0,40.0,40.0,45.0,64.0
435,horse,horse,deer,40.0,30.0,26.666666666666668,45.0,68.0
436,bird,cat,truck,40.0,40.0,40.0,60.0,68.0
437,dog,frog,bird,40.0,30.0,40.0,40.0,76.0
438,cat,cat,airplane,20.0,30.0,40.0,40.0,68.0
439,automobile,automobile,frog,0.0,20.0,33.33333333333333,35.0,64.0
440,automobile,automobile,airplane,20.0,50.0,66.66666666666666,60.0,68.0
441,deer,bird,bird,20.0,30.0,53.333333333333336,50.0,74.0
442,truck,truck,cat,0.0,10.0,20.0,30.0,52.0
443,truck,truck,airplane,0.0,40.0,46.666666666666664,60.0,66.0
444,dog,dog,bird,40.0,40.0,40.0,40.0,62.0
445,horse,horse,dog,40.0,50.0,46.666666666666664,40.0,74.0
446,dog,dog,frog,80.0,80.0,73.33333333333333,65.0,84.0
447,airplane,airplane,cat,0.0,30.0,26.666666666666668,35.0,56.00000000000001
448,bird,bird,bird,60.0,50.0,46.666666666666664,50.0,84.0
449,bird,bird,dog,40.0,40.0,33.33333333333333,30.0,62.0
450,bird,cat,bird,40.0,40.0,40.0,50.0,78.0
451,truck,truck,dog,20.0,20.0,46.666666666666664,55.00000000000001,57.99999999999999
452,horse,horse,horse,60.0,40.0,53.333333333333336,55.00000000000001,78.0
453,cat,cat,truck,40.0,50.0,53.333333333333336,65.0,78.0
454,truck,truck,deer,60.0,50.0,40.0,55.00000000000001,66.0
455,deer,deer,dog,40.0,30.0,33.33333333333333,50.0,64.0
456,cat,deer,bird,80.0,90.0,73.33333333333333,75.0,84.0
457,dog,dog,deer,40.0,40.0,40.0,50.0,70.0
458,deer,cat,automobile,0.0,20.0,33.33333333333333,35.0,64.0
459,frog,frog,truck,20.0,20.0,33.33333333333333,40.0,60.0
460,dog,dog,dog,60.0,50.0,53.333333333333336,55.00000000000001,68.0
461,frog,frog,cat,40.0,40.0,53.333333333333336,55.00000000000001,74.0
462,automobile,automobile,bird,20.0,10.0,26.666666666666668,35.0,64.0
463,deer,bird,automobile,20.0,30.0,53.333333333333336,65.0,76.0
464,cat,cat,frog,80.0,60.0,73.33333333333333,70.0,82.0
465,deer,deer,ship,20.0,30.0,33.33333333333333,35.0,54.0
466,deer,deer,deer,60.0,50.0,40.0,40.0,70.0
467,cat,cat,horse,40.0,60.0,46.666666666666664,50.0,74.0
468,horse,cat,frog,40.0,40.0,53.333333333333336,75.0,86.0
469,ship,ship,cat,0.0,0.0,20.0,25.0,50.0
470,cat,cat,airplane,40.0,40.0,46.666666666666664,65.0,78.0
471,horse,horse,cat,20.0,40.0,46.666666666666664,55.00000000000001,70.0
472,ship,ship,airplane,80.0,90.0,73.33333333333333,75.0,82.0
473,airplane,airplane,cat,20.0,20.0,13.333333333333334,30.0,57.99999999999999
474,dog,dog,horse,80.0,60.0,66.66666666666666,65.0,88.0
475,horse,horse,cat,20.0,20.0,33.33333333333333,35.0,70.0
476,frog,frog,airplane,40.0,40.0,26.666666666666668,35.0,76.0
477,airplane,airplane,truck,40.0,60.0,60.0,55.00000000000001,72.0
478,dog,cat,automobile,0.0,20.0,46.666666666666664,40.0,72.0
479,deer,deer,automobile,0.0,10.0,26.666666666666668,35.0,57.99999999999999
480,ship,ship,ship,0.0,50.0,66.66666666666666,55.00000000000001,72.0
481,frog,frog,airplane,60.0,70.0,66.66666666666666,65.0,74.0
482,ship,ship,cat,40.0,60.0,53.333333333333336,50.0,70.0
483,dog,cat,deer,40.0,50.0,60.0,60.0,86.0
484,dog,dog,dog,40.0,50.0,60.0,60.0,74.0
485,truck,truck,horse,0.0,20.0,20.0,15.0,52.0
486,truck,truck,ship,80.0,50.0,60.0,65.0,82.0
487,truck,truck,airplane,60.0,60.0,40.0,35.0,68.0
488,dog,deer,truck,20.0,20.0,26.666666666666668,30.0,70.0
489,airplane,airplane,cat,20.0,20.0,46.666666666666664,65.0,68.0
490,automobile,automobile,airplane,40.0,60.0,60.0,65.0,76.0
491,airplane,airplane,truck,20.0,70.0,66.66666666666666,75.0,74.0
492,ship,ship,truck,40.0,40.0,53.333333333333336,70.0,72.0
493,automobile,automobile,ship,60.0,40.0,46.666666666666664,45.0,74.0
494,automobile,automobile,truck,60.0,70.0,73.33333333333333,65.0,76.0
495,ship,ship,frog,20.0,10.0,26.666666666666668,35.0,70.0
496,airplane,airplane,bird,20.0,20.0,13.333333333333334,20.0,54.0
497,bird,bird,automobile,0.0,20.0,40.0,60.0,66.0
498,bird,bird,airplane,60.0,50.0,46.666666666666664,50.0,82.0
499,airplane,airplane,bird,20.0,20.0,33.33333333333333,30.0,68.0
500,deer,deer,ship,40.0,20.0,40.0,35.0,57.99999999999999
501,frog,frog,cat,60.0,60.0,66.66666666666666,55.00000000000001,80.0
502,dog,horse,frog,20.0,60.0,40.0,55.00000000000001,84.0
503,deer,deer,airplane,20.0,30.0,26.666666666666668,40.0,70.0
504,truck,truck,truck,60.0,70.0,73.33333333333333,70.0,74.0
505,deer,deer,bird,40.0,50.0,60.0,60.0,78.0
506,horse,horse,ship,40.0,20.0,20.0,25.0,52.0
507,truck,truck,cat,20.0,30.0,20.0,25.0,54.0
508,truck,truck,frog,20.0,40.0,46.666666666666664,35.0,62.0
509,deer,deer,truck,20.0,20.0,33.33333333333333,35.0,72.0
510,dog,dog,airplane,20.0,10.0,26.666666666666668,35.0,64.0
511,frog,frog,airplane,20.0,50.0,53.333333333333336,60.0,68.0
512,frog,frog,cat,60.0,50.0,33.33333333333333,35.0,82.0
513,automobile,automobile,airplane,40.0,60.0,53.333333333333336,65.0,66.0
514,dog,dog,frog,40.0,60.0,60.0,60.0,84.0
515,cat,cat,automobile,0.0,10.0,46.666666666666664,45.0,68.0
516,ship,ship,ship,60.0,60.0,80.0,80.0,86.0
517,truck,truck,truck,80.0,70.0,80.0,60.0,88.0
518,dog,cat,automobile,40.0,40.0,53.333333333333336,55.00000000000001,66.0
519,ship,ship,cat,20.0,30.0,40.0,40.0,66.0
520,dog,bird,truck,0.0,10.0,26.666666666666668,45.0,64.0
521,horse,horse,horse,40.0,50.0,53.333333333333336,55.00000000000001,70.0
522,airplane,airplane,frog,40.0,40.0,40.0,30.0,76.0
523,horse,horse,truck,0.0,30.0,40.0,35.0,54.0
524,airplane,airplane,cat,0.0,20.0,20.0,15.0,54.0
525,dog,dog,bird,20.0,30.0,46.666666666666664,55.00000000000001,70.0
526,airplane,airplane,frog,40.0,30.0,40.0,65.0,74.0
527,airplane,airplane,dog,20.0,20.0,26.666666666666668,40.0,60.0
528,deer,cat,ship,40.0,30.0,46.666666666666664,45.0,74.0
529,frog,frog,cat,20.0,30.0,46.666666666666664,60.0,72.0
530,truck,truck,bird,0.0,10.0,6.666666666666667,25.0,56.00000000000001
531,airplane,cat,dog,60.0,50.0,73.33333333333333,70.0,82.0
532,truck,truck,cat,20.0,20.0,33.33333333333333,65.0,66.0
533,dog,dog,cat,60.0,70.0,66.66666666666666,65.0,80.0
534,frog,frog,airplane,60.0,60.0,73.33333333333333,85.0,82.0
535,frog,frog,truck,0.0,20.0,40.0,50.0,60.0
536,frog,frog,cat,40.0,60.0,53.333333333333336,50.0,82.0
537,bird,bird,airplane,20.0,50.0,46.666666666666664,55.00000000000001,70.0
538,truck,truck,airplane,60.0,60.0,53.333333333333336,50.0,72.0
539,airplane,airplane,frog,20.0,20.0,33.33333333333333,35.0,62.0
540,automobile,automobile,cat,0.0,20.0,26.666666666666668,30.0,54.0
541,horse,horse,airplane,20.0,20.0,40.0,45.0,62.0
542,frog,frog,cat,40.0,50.0,60.0,70.0,86.0
543,horse,horse,deer,40.0,30.0,26.666666666666668,25.0,56.00000000000001
544,dog,dog,airplane,40.0,30.0,46.666666666666664,50.0,72.0
545,truck,truck,truck,100.0,60.0,60.0,60.0,82.0
546,automobile,automobile,cat,0.0,20.0,26.666666666666668,35.0,68.0
547,frog,frog,bird,40.0,60.0,60.0,65.0,80.0
548,bird,frog,airplane,20.0,50.0,46.666666666666664,65.0,72.0
549,dog,dog,truck,20.0,10.0,13.333333333333334,15.0,50.0
550,dog,dog,airplane,20.0,20.0,33.33333333333333,35.0,57.99999999999999
551,dog,cat,frog,40.0,60.0,66.66666666666666,70.0,72.0
552,ship,ship,dog,40.0,20.0,33.33333333333333,40.0,57.99999999999999
553,dog,cat,ship,20.0,40.0,46.666666666666664,45.0,52.0
554,truck,truck,airplane,80.0,70.0,60.0,65.0,78.0
555,deer,deer,truck,20.0,50.0,46.666666666666664,55.00000000000001,72.0
556,frog,frog,ship,20.0,40.0,73.33333333333333,65.0,72.0
557,deer,deer,airplane,40.0,20.0,46.666666666666664,50.0,78.0
558,cat,cat,truck,0.0,0.0,13.333333333333334,10.0,48.0
559,bird,bird,truck,20.0,20.0,33.33333333333333,35.0,70.0
560,airplane,airplane,cat,20.0,30.0,40.0,60.0,62.0
561,horse,horse,horse,60.0,40.0,46.666666666666664,55.00000000000001,68.0
562,frog,frog,bird,40.0,50.0,53.333333333333336,65.0,86.0
563,bird,cat,ship,40.0,20.0,40.0,40.0,76.0
564,bird,bird,bird,20.0,10.0,33.33333333333333,45.0,60.0
565,cat,cat,dog,80.0,70.0,80.0,80.0,90.0
566,truck,truck,bird,0.0,0.0,6.666666666666667,25.0,56.00000000000001
567,horse,horse,cat,20.0,40.0,46.666666666666664,50.0,76.0
568,truck,truck,cat,0.0,20.0,13.333333333333334,10.0,50.0
569,bird,bird,ship,20.0,40.0,40.0,40.0,68.0
570,frog,frog,frog,40.0,40.0,46.666666666666664,50.0,74.0
571,horse,horse,bird,60.0,40.0,46.666666666666664,40.0,70.0
572,automobile,automobile,bird,0.0,20.0,26.666666666666668,35.0,64.0
573,cat,cat,ship,20.0,20.0,20.0,45.0,52.0
574,frog,frog,frog,60.0,40.0,60.0,65.0,82.0
575,frog,frog,truck,60.0,50.0,53.333333333333336,50.0,70.0
576,ship,ship,cat,20.0,20.0,40.0,40.0,60.0
577,truck,truck,airplane,20.0,40.0,40.0,50.0,72.0
578,horse,horse,deer,80.0,60.0,66.66666666666666,60.0,78.0
579,dog,bird,cat,20.0,40.0,40.0,50.0,64.0
580,deer,deer,truck,0.0,10.0,6.666666666666667,20.0,48.0
581,airplane,airplane,cat,40.0,30.0,53.333333333333336,55.00000000000001,60.0
582,ship,ship,cat,60.0,60.0,46.666666666666664,50.0,66.0
583,deer,deer,cat,40.0,30.0,46.666666666666664,60.0,64.0
584,airplane,airplane,cat,20.0,40.0,46.666666666666664,40.0,64.0
585,truck,airplane,airplane,20.0,40.0,46.666666666666664,40.0,60.0
586,cat,cat,ship,20.0,20.0,33.33333333333333,50.0,70.0
587,deer,deer,truck,20.0,30.0,46.666666666666664,50.0,72.0
588,ship,ship,automobile,40.0,50.0,53.333333333333336,65.0,68.0
589,truck,truck,cat,0.0,30.0,26.666666666666668,30.0,48.0
590,frog,frog,airplane,0.0,30.0,40.0,35.0,62.0
591,truck,truck,deer,20.0,20.0,13.333333333333334,25.0,66.0
592,bird,bird,horse,40.0,30.0,26.666666666666668,30.0,60.0
593,frog,frog,automobile,20.0,20.0,33.33333333333333,35.0,66.0
594,automobile,automobile,deer,0.0,20.0,20.0,35.0,68.0
595,deer,airplane,airplane,60.0,60.0,60.0,65.0,84.0
596,horse,horse,bird,60.0,50.0,60.0,60.0,74.0
597,cat,cat,truck,40.0,90.0,66.66666666666666,50.0,72.0
598,dog,horse,bird,40.0,70.0,60.0,55.00000000000001,74.0
599,cat,cat,airplane,20.0,20.0,53.333333333333336,65.0,74.0
600,ship,ship,horse,0.0,10.0,6.666666666666667,15.0,50.0
601,dog,cat,automobile,0.0,10.0,26.666666666666668,40.0,57.99999999999999
602,airplane,airplane,airplane,20.0,20.0,40.0,50.0,70.0
603,bird,bird,deer,20.0,20.0,40.0,35.0,66.0
604,automobile,automobile,deer,20.0,20.0,13.333333333333334,20.0,54.0
605,frog,frog,dog,40.0,50.0,46.666666666666664,55.00000000000001,80.0
606,deer,cat,truck,20.0,50.0,53.333333333333336,40.0,57.99999999999999
607,cat,cat,horse,60.0,60.0,66.66666666666666,65.0,80.0
608,cat,cat,deer,80.0,60.0,60.0,55.00000000000001,78.0
609,truck,truck,automobile,60.0,60.0,60.0,70.0,80.0
610,frog,frog,horse,20.0,30.0,40.0,45.0,76.0
611,truck,truck,deer,0.0,10.0,26.666666666666668,35.0,60.0
612,ship,ship,cat,20.0,30.0,26.666666666666668,40.0,70.0
613,ship,ship,cat,40.0,30.0,33.33333333333333,40.0,68.0
614,dog,dog,dog,60.0,80.0,73.33333333333333,85.0,86.0
615,ship,ship,automobile,60.0,60.0,66.66666666666666,75.0,76.0
616,frog,frog,frog,60.0,50.0,60.0,70.0,90.0
617,frog,frog,automobile,0.0,20.0,40.0,55.00000000000001,74.0
618,bird,bird,airplane,40.0,60.0,66.66666666666666,55.00000000000001,70.0
619,automobile,automobile,airplane,20.0,40.0,53.333333333333336,65.0,72.0
620,horse,horse,frog,40.0,30.0,40.0,50.0,74.0
621,horse,horse,ship,20.0,30.0,40.0,45.0,72.0
622,automobile,automobile,frog,20.0,10.0,26.666666666666668,30.0,56.00000000000001
623,bird,bird,cat,40.0,30.0,46.666666666666664,65.0,66.0
624,horse,horse,automobile,20.0,50.0,53.333333333333336,45.0,64.0
625,truck,truck,truck,60.0,40.0,53.333333333333336,65.0,78.0
626,truck,truck,airplane,20.0,50.0,53.333333333333336,55.00000000000001,72.0
627,deer,deer,truck,0.0,10.0,26.666666666666668,40.0,70.0
628,deer,deer,airplane,40.0,80.0,60.0,65.0,74.0
629,automobile,automobile,frog,20.0,20.0,26.666666666666668,30.0,64.0
630,bird,bird,automobile,60.0,30.0,46.666666666666664,45.0,70.0
631,dog,bird,ship,40.0,20.0,33.33333333333333,40.0,64.0
632,frog,cat,airplane,40.0,50.0,53.333333333333336,60.0,80.0
633,ship,ship,frog,20.0,10.0,20.0,25.0,52.0
634,horse,horse,cat,40.0,30.0,40.0,45.0,68.0
635,frog,frog,dog,40.0,60.0,53.333333333333336,60.0,80.0
636,ship,ship,automobile,20.0,40.0,46.666666666666664,55.00000000000001,57.99999999999999
637,cat,cat,automobile,0.0,30.0,33.33333333333333,40.0,74.0
638,airplane,airplane,frog,40.0,40.0,40.0,40.0,74.0
639,dog,horse,ship,40.0,40.0,33.33333333333333,35.0,64.0
640,dog,cat,cat,80.0,90.0,86.66666666666667,80.0,92.0
641,cat,frog,frog,100.0,100.0,100.0,100.0,100.0
642,airplane,airplane,ship,100.0,100.0,86.66666666666667,90.0,92.0
643,horse,horse,horse,100.0,100.0,100.0,100.0,100.0
644,truck,truck,airplane,80.0,80.0,93.33333333333333,85.0,90.0
645,automobile,automobile,automobile,100.0,80.0,86.66666666666667,95.0,92.0
646,cat,cat,frog,80.0,80.0,86.66666666666667,90.0,98.0
647,deer,bird,bird,100.0,90.0,93.33333333333333,85.0,98.0
648,deer,deer,horse,80.0,90.0,80.0,80.0,94.0
649,dog,horse,horse,100.0,100.0,100.0,100.0,100.0
650,cat,cat,cat,100.0,100.0,100.0,100.0,100.0
651,truck,truck,truck,80.0,70.0,86.66666666666667,100.0,96.0
652,dog,dog,dog,100.0,100.0,100.0,100.0,100.0
653,frog,frog,frog,100.0,100.0,100.0,100.0,100.0
654,truck,truck,truck,80.0,90.0,93.33333333333333,90.0,92.0
655,bird,bird,bird,100.0,100.0,100.0,100.0,100.0
656,automobile,automobile,automobile,100.0,100.0,100.0,100.0,100.0
657,automobile,automobile,ship,80.0,80.0,73.33333333333333,85.0,92.0
658,deer,cat,dog,60.0,80.0,80.0,85.0,92.0
659,automobile,automobile,truck,80.0,90.0,73.33333333333333,75.0,98.0
660,truck,truck,automobile,80.0,90.0,80.0,90.0,96.0
661,deer,deer,horse,80.0,80.0,80.0,90.0,90.0
662,horse,horse,dog,80.0,90.0,80.0,85.0,96.0
663,frog,frog,cat,80.0,70.0,80.0,80.0,92.0
664,cat,cat,ship,100.0,80.0,86.66666666666667,75.0,90.0
665,ship,airplane,airplane,100.0,100.0,100.0,100.0,100.0
666,truck,truck,truck,100.0,100.0,100.0,100.0,100.0
667,airplane,airplane,airplane,60.0,70.0,93.33333333333333,85.0,84.0
668,automobile,automobile,automobile,100.0,100.0,100.0,100.0,100.0
669,cat,cat,bird,80.0,90.0,86.66666666666667,90.0,92.0
670,frog,cat,cat,100.0,100.0,100.0,100.0,100.0
671,cat,cat,dog,100.0,80.0,93.33333333333333,95.0,96.0
672,frog,airplane,airplane,100.0,100.0,100.0,100.0,100.0
673,cat,cat,cat,100.0,100.0,100.0,100.0,100.0
674,bird,bird,deer,80.0,90.0,86.66666666666667,95.0,98.0
675,airplane,airplane,ship,80.0,100.0,86.66666666666667,90.0,92.0
676,cat,cat,cat,60.0,70.0,86.66666666666667,85.0,88.0
677,automobile,automobile,truck,100.0,80.0,80.0,85.0,94.0
678,airplane,airplane,truck,80.0,100.0,93.33333333333333,95.0,98.0
679,dog,cat,cat,100.0,100.0,100.0,100.0,100.0
680,truck,truck,automobile,100.0,90.0,93.33333333333333,90.0,96.0
681,frog,frog,cat,100.0,70.0,66.66666666666666,80.0,92.0
682,deer,deer,truck,20.0,60.0,80.0,65.0,88.0
683,ship,airplane,airplane,80.0,100.0,86.66666666666667,90.0,94.0
684,truck,truck,truck,100.0,100.0,100.0,100.0,100.0
685,frog,frog,bird,80.0,90.0,86.66666666666667,90.0,92.0
686,truck,truck,ship,100.0,90.0,80.0,95.0,96.0
687,frog,frog,bird,60.0,100.0,80.0,95.0,94.0
688,cat,cat,frog,80.0,90.0,93.33333333333333,90.0,90.0
689,airplane,airplane,truck,100.0,90.0,86.66666666666667,80.0,96.0
690,cat,cat,deer,80.0,70.0,66.66666666666666,70.0,84.0
691,bird,cat,cat,80.0,90.0,73.33333333333333,75.0,88.0
692,bird,airplane,airplane,100.0,100.0,100.0,100.0,100.0
693,horse,horse,horse,100.0,100.0,100.0,100.0,100.0
694,ship,ship,ship,100.0,100.0,100.0,100.0,100.0
695,cat,cat,cat,100.0,100.0,100.0,100.0,100.0
696,ship,airplane,airplane,100.0,100.0,100.0,100.0,100.0
697,bird,bird,airplane,80.0,70.0,73.33333333333333,90.0,90.0
698,horse,horse,deer,80.0,100.0,93.33333333333333,90.0,92.0
699,dog,dog,dog,100.0,100.0,100.0,100.0,100.0
700,horse,horse,cat,100.0,90.0,93.33333333333333,90.0,96.0
701,bird,bird,deer,80.0,90.0,80.0,85.0,96.0
702,deer,deer,cat,80.0,90.0,80.0,80.0,98.0
703,ship,ship,airplane,80.0,80.0,86.66666666666667,80.0,90.0
704,horse,cat,cat,100.0,100.0,100.0,100.0,100.0
705,deer,deer,dog,80.0,70.0,86.66666666666667,85.0,84.0
706,bird,bird,bird,100.0,100.0,100.0,100.0,100.0
707,truck,truck,truck,100.0,100.0,100.0,100.0,100.0
708,ship,ship,airplane,100.0,100.0,86.66666666666667,100.0,96.0
709,ship,ship,cat,60.0,70.0,73.33333333333333,80.0,80.0
710,frog,frog,bird,80.0,90.0,80.0,80.0,96.0
711,ship,airplane,airplane,100.0,100.0,100.0,100.0,100.0
712,ship,ship,ship,100.0,100.0,100.0,100.0,100.0
713,horse,horse,deer,60.0,100.0,86.66666666666667,95.0,96.0
714,deer,deer,bird,80.0,70.0,93.33333333333333,95.0,92.0
715,cat,cat,dog,80.0,80.0,93.33333333333333,90.0,96.0
716,cat,cat,deer,40.0,60.0,73.33333333333333,70.0,90.0
717,ship,horse,horse,100.0,100.0,100.0,100.0,100.0
718,deer,deer,cat,100.0,90.0,86.66666666666667,95.0,94.0
719,truck,truck,truck,100.0,100.0,100.0,100.0,100.0
720,deer,deer,horse,80.0,80.0,86.66666666666667,90.0,94.0
721,ship,ship,airplane,100.0,70.0,80.0,75.0,92.0
722,ship,ship,ship,100.0,100.0,100.0,100.0,100.0
723,automobile,automobile,airplane,80.0,80.0,80.0,85.0,92.0
724,ship,ship,airplane,80.0,100.0,86.66666666666667,95.0,96.0
725,bird,bird,ship,80.0,80.0,86.66666666666667,90.0,94.0
726,automobile,automobile,truck,80.0,90.0,86.66666666666667,90.0,96.0
727,cat,cat,cat,100.0,100.0,100.0,100.0,100.0
728,frog,frog,deer,100.0,80.0,93.33333333333333,90.0,94.0
729,dog,dog,dog,100.0,100.0,100.0,100.0,100.0
730,deer,dog,dog,100.0,100.0,100.0,100.0,100.0
731,bird,airplane,airplane,100.0,100.0,100.0,100.0,100.0
732,horse,horse,bird,80.0,70.0,73.33333333333333,75.0,88.0
733,truck,truck,truck,80.0,100.0,80.0,85.0,94.0
734,truck,automobile,automobile,100.0,100.0,100.0,100.0,100.0
735,deer,bird,bird,100.0,100.0,100.0,100.0,100.0
736,automobile,automobile,truck,80.0,80.0,93.33333333333333,100.0,94.0
737,deer,airplane,airplane,100.0,100.0,100.0,100.0,100.0
738,automobile,automobile,airplane,60.0,80.0,86.66666666666667,85.0,94.0
739,cat,cat,dog,100.0,90.0,86.66666666666667,85.0,90.0
740,bird,bird,horse,80.0,90.0,86.66666666666667,95.0,88.0
741,horse,horse,deer,80.0,90.0,93.33333333333333,95.0,96.0
742,airplane,airplane,airplane,100.0,100.0,100.0,100.0,100.0
743,horse,horse,airplane,80.0,90.0,93.33333333333333,80.0,94.0
744,truck,truck,truck,100.0,100.0,100.0,100.0,100.0
745,horse,horse,deer,80.0,80.0,73.33333333333333,85.0,84.0
746,frog,cat,cat,100.0,100.0,100.0,100.0,100.0
747,frog,frog,cat,100.0,80.0,93.33333333333333,95.0,94.0
748,bird,bird,bird,100.0,100.0,100.0,100.0,100.0
749,dog,cat,cat,100.0,100.0,100.0,100.0,100.0
750,truck,truck,truck,100.0,100.0,100.0,100.0,100.0
751,bird,airplane,airplane,100.0,100.0,100.0,100.0,100.0
752,truck,truck,truck,100.0,100.0,100.0,100.0,100.0
753,automobile,automobile,truck,80.0,90.0,93.33333333333333,90.0,92.0
754,bird,bird,bird,100.0,100.0,100.0,100.0,100.0
755,bird,bird,deer,60.0,60.0,80.0,85.0,90.0
756,frog,frog,frog,100.0,100.0,100.0,100.0,100.0
757,ship,ship,ship,100.0,100.0,100.0,100.0,100.0
758,bird,bird,bird,100.0,100.0,100.0,100.0,100.0
759,automobile,automobile,automobile,100.0,100.0,100.0,100.0,100.0
760,cat,cat,horse,80.0,90.0,80.0,80.0,92.0
761,frog,frog,frog,100.0,100.0,100.0,100.0,100.0
762,frog,frog,deer,100.0,100.0,100.0,95.0,94.0
763,airplane,airplane,airplane,100.0,100.0,100.0,100.0,100.0
764,automobile,automobile,automobile,100.0,100.0,100.0,100.0,100.0
765,bird,bird,bird,100.0,100.0,100.0,100.0,100.0
766,horse,horse,deer,80.0,90.0,80.0,85.0,96.0
767,airplane,airplane,ship,80.0,90.0,93.33333333333333,100.0,90.0
768,dog,dog,bird,80.0,80.0,80.0,80.0,84.0
769,deer,airplane,airplane,100.0,100.0,100.0,100.0,100.0
770,frog,frog,deer,100.0,90.0,93.33333333333333,85.0,96.0
771,automobile,automobile,truck,80.0,100.0,86.66666666666667,95.0,90.0
772,frog,frog,cat,80.0,70.0,86.66666666666667,90.0,92.0
773,deer,frog,frog,100.0,100.0,100.0,100.0,100.0
774,airplane,airplane,airplane,100.0,100.0,100.0,100.0,100.0
775,bird,bird,frog,100.0,100.0,93.33333333333333,95.0,98.0
776,bird,bird,dog,100.0,90.0,93.33333333333333,90.0,96.0
777,frog,frog,frog,100.0,90.0,93.33333333333333,95.0,96.0
778,airplane,airplane,bird,80.0,80.0,80.0,90.0,88.0
779,dog,frog,frog,100.0,100.0,100.0,100.0,100.0
780,truck,truck,truck,100.0,100.0,100.0,100.0,100.0
781,automobile,automobile,automobile,100.0,100.0,100.0,100.0,100.0
782,horse,horse,horse,100.0,100.0,100.0,100.0,100.0
783,frog,frog,frog,100.0,100.0,100.0,100.0,100.0
784,horse,horse,deer,100.0,80.0,86.66666666666667,90.0,98.0
785,airplane,airplane,ship,100.0,100.0,93.33333333333333,95.0,92.0
786,cat,cat,cat,100.0,100.0,100.0,100.0,100.0
787,truck,truck,truck,100.0,100.0,100.0,100.0,100.0
788,frog,frog,deer,100.0,100.0,93.33333333333333,100.0,84.0
789,ship,ship,airplane,80.0,80.0,93.33333333333333,95.0,92.0
790,cat,cat,deer,60.0,70.0,80.0,90.0,92.0
791,airplane,airplane,airplane,100.0,100.0,100.0,100.0,100.0
792,cat,cat,deer,60.0,90.0,73.33333333333333,80.0,86.0
793,deer,deer,bird,60.0,80.0,80.0,100.0,94.0
794,horse,horse,horse,100.0,100.0,100.0,100.0,100.0
795,horse,horse,bird,100.0,90.0,80.0,85.0,90.0
796,automobile,truck,truck,100.0,100.0,100.0,100.0,100.0
797,deer,deer,cat,60.0,80.0,80.0,80.0,88.0
798,horse,cat,cat,100.0,100.0,100.0,100.0,100.0
799,bird,bird,bird,100.0,100.0,100.0,100.0,100.0
800,horse,horse,horse,100.0,100.0,100.0,100.0,100.0
801,automobile,automobile,automobile,100.0,100.0,100.0,100.0,100.0
802,deer,deer,deer,100.0,100.0,100.0,100.0,100.0
803,horse,horse,deer,100.0,90.0,93.33333333333333,100.0,96.0
804,deer,deer,horse,80.0,70.0,73.33333333333333,80.0,90.0
805,deer,deer,frog,60.0,90.0,86.66666666666667,90.0,92.0
806,ship,ship,airplane,80.0,100.0,93.33333333333333,95.0,98.0
807,deer,frog,frog,100.0,100.0,100.0,100.0,100.0
808,horse,horse,airplane,80.0,80.0,80.0,75.0,94.0
809,horse,horse,ship,80.0,90.0,66.66666666666666,70.0,92.0
810,dog,cat,cat,100.0,100.0,100.0,100.0,100.0
811,cat,dog,dog,100.0,100.0,100.0,100.0,100.0
812,horse,horse,deer,80.0,90.0,93.33333333333333,95.0,94.0
813,bird,bird,bird,100.0,100.0,100.0,100.0,100.0
814,airplane,truck,truck,100.0,100.0,100.0,100.0,100.0
815,ship,ship,airplane,80.0,100.0,93.33333333333333,90.0,96.0
816,truck,truck,ship,60.0,100.0,93.33333333333333,100.0,92.0
817,dog,cat,cat,80.0,70.0,86.66666666666667,90.0,94.0
818,ship,ship,truck,100.0,100.0,80.0,90.0,96.0
819,cat,cat,cat,100.0,100.0,100.0,100.0,100.0
820,frog,frog,bird,100.0,100.0,93.33333333333333,90.0,94.0
821,bird,bird,airplane,80.0,80.0,86.66666666666667,85.0,88.0
822,airplane,airplane,ship,100.0,80.0,93.33333333333333,90.0,92.0
823,ship,ship,automobile,60.0,80.0,73.33333333333333,90.0,92.0
824,horse,horse,horse,100.0,100.0,100.0,100.0,100.0
825,cat,cat,frog,80.0,80.0,93.33333333333333,90.0,90.0
826,horse,horse,deer,60.0,80.0,80.0,80.0,90.0
827,frog,frog,frog,100.0,100.0,100.0,100.0,100.0
828,dog,cat,cat,100.0,100.0,100.0,100.0,100.0
829,cat,cat,frog,80.0,100.0,86.66666666666667,85.0,94.0
830,automobile,automobile,airplane,60.0,90.0,80.0,90.0,94.0
831,cat,cat,ship,80.0,90.0,80.0,90.0,92.0
832,bird,bird,frog,80.0,90.0,86.66666666666667,90.0,92.0
833,bird,cat,cat,80.0,90.0,86.66666666666667,80.0,90.0
834,dog,dog,dog,60.0,90.0,86.66666666666667,80.0,96.0
835,deer,cat,cat,100.0,100.0,100.0,100.0,100.0
836,automobile,automobile,truck,80.0,100.0,86.66666666666667,90.0,90.0
837,bird,cat,cat,100.0,100.0,100.0,100.0,100.0
838,truck,truck,truck,100.0,100.0,100.0,100.0,100.0
839,bird,bird,bird,100.0,100.0,100.0,100.0,100.0
840,horse,horse,horse,100.0,100.0,100.0,100.0,100.0
841,airplane,airplane,ship,80.0,90.0,93.33333333333333,95.0,98.0
842,horse,horse,horse,100.0,100.0,100.0,100.0,100.0
843,bird,bird,bird,100.0,100.0,100.0,100.0,100.0
844,automobile,automobile,automobile,100.0,100.0,100.0,100.0,100.0
845,cat,cat,bird,100.0,90.0,86.66666666666667,90.0,88.0
846,bird,bird,frog,80.0,80.0,86.66666666666667,80.0,94.0
847,airplane,airplane,truck,80.0,90.0,93.33333333333333,95.0,94.0
848,bird,bird,cat,60.0,80.0,80.0,95.0,90.0
849,deer,deer,airplane,80.0,80.0,80.0,90.0,92.0
850,horse,cat,cat,100.0,100.0,100.0,100.0,100.0
851,truck,truck,automobile,80.0,90.0,93.33333333333333,85.0,92.0
852,ship,ship,airplane,80.0,90.0,80.0,75.0,88.0
853,truck,automobile,automobile,100.0,100.0,100.0,100.0,100.0
854,airplane,airplane,airplane,100.0,100.0,100.0,100.0,100.0
855,horse,horse,cat,80.0,80.0,80.0,95.0,96.0
856,horse,horse,deer,60.0,60.0,80.0,95.0,90.0
857,airplane,airplane,bird,80.0,90.0,86.66666666666667,85.0,92.0
858,horse,horse,deer,60.0,70.0,66.66666666666666,85.0,90.0
859,ship,ship,bird,100.0,70.0,80.0,90.0,94.0
860,deer,deer,bird,80.0,70.0,73.33333333333333,70.0,88.0
861,frog,frog,deer,100.0,90.0,93.33333333333333,95.0,86.0
862,cat,frog,frog,100.0,100.0,100.0,100.0,100.0
863,cat,cat,dog,100.0,90.0,100.0,90.0,98.0
864,airplane,airplane,airplane,100.0,100.0,100.0,100.0,100.0
865,automobile,automobile,automobile,100.0,100.0,100.0,100.0,100.0
866,cat,cat,bird,100.0,80.0,93.33333333333333,85.0,98.0
867,horse,horse,horse,100.0,100.0,100.0,100.0,100.0
868,airplane,airplane,airplane,100.0,100.0,100.0,100.0,100.0
869,automobile,automobile,automobile,100.0,100.0,100.0,100.0,100.0
870,cat,cat,bird,80.0,90.0,100.0,85.0,94.0
871,automobile,automobile,automobile,100.0,100.0,100.0,100.0,100.0
872,deer,deer,cat,40.0,80.0,86.66666666666667,80.0,92.0
873,bird,bird,cat,100.0,90.0,93.33333333333333,95.0,90.0
874,cat,cat,cat,100.0,100.0,100.0,100.0,100.0
875,ship,airplane,airplane,80.0,70.0,80.0,90.0,92.0
876,deer,deer,cat,80.0,80.0,93.33333333333333,75.0,92.0
877,bird,cat,horse,80.0,80.0,86.66666666666667,75.0,94.0
878,cat,cat,deer,80.0,90.0,80.0,80.0,96.0
879,horse,horse,dog,100.0,90.0,86.66666666666667,85.0,98.0
880,ship,ship,ship,100.0,100.0,100.0,100.0,100.0
881,deer,deer,frog,80.0,80.0,86.66666666666667,85.0,88.0
882,cat,bird,bird,100.0,100.0,100.0,100.0,100.0
883,airplane,airplane,bird,100.0,100.0,93.33333333333333,90.0,96.0
884,truck,truck,truck,100.0,100.0,100.0,100.0,100.0
885,airplane,airplane,bird,60.0,80.0,86.66666666666667,85.0,92.0
886,airplane,airplane,ship,80.0,90.0,93.33333333333333,90.0,94.0
887,automobile,automobile,ship,60.0,80.0,80.0,85.0,92.0
888,airplane,airplane,ship,100.0,100.0,80.0,90.0,92.0
889,deer,frog,frog,100.0,100.0,100.0,100.0,100.0
890,deer,deer,frog,100.0,80.0,93.33333333333333,90.0,96.0
891,frog,frog,frog,100.0,100.0,100.0,100.0,100.0
892,horse,cat,cat,100.0,100.0,100.0,100.0,100.0
893,frog,cat,cat,100.0,100.0,100.0,100.0,100.0
894,automobile,automobile,automobile,100.0,100.0,100.0,100.0,100.0
895,automobile,truck,truck,100.0,100.0,100.0,100.0,100.0
